Usina;26/02/2022;19/02/2022;29/01/2022;22/01/2022;15/01/2022;01/01/2022;25/12/2021;11/12/2021;04/12/2021;27/11/2021;20/11/2021;13/11/2021;30/10/2021;23/10/2021;16/10/2021;09/10/2021;02/10/2021;18/09/2021;11/09/2021;04/09/2021;21/08/2021;14/08/2021;07/08/2021;31/07/2021;24/07/2021;17/07/2021;10/07/2021;03/07/2021;26/06/2021;19/06/2021;12/06/2021;05/06/2021;29/05/2021;15/05/2021;08/05/2021;01/05/2021;24/04/2021;17/04/2021;10/04/2021;03/04/2021;27/03/2021;13/03/2021;06/03/2021;27/02/2021;20/02/2021;13/02/2021;06/02/2021;30/01/2021;23/01/2021;16/01/2021;09/01/2021;02/01/2021;19/12/2020;05/12/2020;28/11/2020;21/11/2020;31/10/2020;17/10/2020;10/10/2020;03/10/2020;26/09/2020;19/09/2020;12/09/2020;05/09/2020;29/08/2020;22/08/2020;08/08/2020;01/08/2020;25/07/2020;18/07/2020;11/07/2020;04/07/2020;27/06/2020;20/06/2020;13/06/2020;06/06/2020;23/05/2020;16/05/2020;09/05/2020;02/05/2020;25/04/2020;18/04/2020;11/04/2020;04/04/2020;28/03/2020;21/03/2020;14/03/2020;07/03/2020;22/02/2020;15/02/2020;08/02/2020;01/02/2020;25/01/2020;18/01/2020;11/01/2020;04/01/2020;28/12/2019;14/12/2019;07/12/2019;30/11/2019;23/11/2019;26/10/2019;19/10/2019
ALTOS (13);NA;NA;NA;NA;NA;NA;NA;NA;NA;NA;NA;NA;NA;0;NA;NA;NA;0;NA;NA;NA;NA;NA;NA;NA;0;NA;0;0;0;0;0;0;881.41;881.41;881.41;881.41;881.41;881.41;881.41;881.41;881.41;881.41;881.41;881.41;881.41;881.41;881.41;1024.39;1024.39;1024.39;1024.39;1024.39;1024.39;1024.39;1024.34;1024.34;1024.21;1024.21;1024.21;1024.21;1024.18;1024.18;1024.18;1024.18;1023.94;1023.94;1023.94;1023.8;1023.8;1023.8;1023.8;1023.8;1023.66;1023.66;1023.66;1023.33;1023.33;1023.33;1023.33;1023.33;1023.29;1023.29;1023.29;1023.29;1022.99;1022.99;1022.99;1022.92;1022.92;1022.92;1022.92;1009.78;1009.78;1009.78;1009.78;1009.78;1009.78;1009.78;1009.78;1009.74;1009.74;1009.64
ANGRA 1 (640);31.17;31.17;31.17;31.17;31.17;31.17;31.17;31.17;31.17;31.17;31.17;31.17;31.17;31.17;31.17;31.17;31.17;31.17;31.17;31.17;31.17;31.17;31.17;31.17;31.17;31.17;31.17;31.17;31.17;31.17;31.17;31.17;31.17;31.17;31.17;31.17;31.17;31.17;31.17;31.17;31.17;31.17;31.17;31.17;31.17;31.17;31.17;31.17;31.17;31.17;31.17;31.17;31.17;31.17;31.17;31.17;31.17;31.17;31.17;31.17;31.17;31.17;31.17;31.17;31.17;31.17;31.17;31.17;31.17;31.17;31.17;31.17;31.17;31.17;31.17;31.17;31.17;31.17;31.17;31.17;31.17;31.17;31.17;31.17;31.17;31.17;31.17;31.17;31.17;31.17;31.17;31.17;31.17;31.17;31.17;31.17;31.17;31.17;31.17;31.17;31.17;31.17;31.17
ANGRA 2 (1350);20.12;20.12;20.12;20.12;20.12;20.12;20.12;20.12;20.12;20.12;20.12;20.12;20.12;20.12;20.12;20.12;20.12;20.12;20.12;20.12;20.12;20.12;20.12;20.12;20.12;20.12;20.12;20.12;20.12;20.12;20.12;20.12;20.12;20.12;20.12;20.12;20.12;20.12;20.12;20.12;20.12;20.12;20.12;20.12;20.12;20.12;20.12;20.12;20.12;20.12;20.12;20.12;20.12;20.12;20.12;20.12;20.12;20.12;20.12;20.12;20.12;20.12;20.12;20.12;20.12;20.12;20.12;20.12;20.12;20.12;20.12;20.12;20.12;20.12;20.12;20.12;20.12;20.12;20.12;20.12;20.12;20.12;20.12;20.12;20.12;20.12;20.12;20.12;20.12;20.12;20.12;20.12;20.12;20.12;20.12;20.12;20.12;20.12;20.12;20.12;20.12;20.12;NA
APARECD OC (36);NA;NA;NA;NA;NA;NA;NA;NA;NA;NA;NA;NA;NA;NA;NA;NA;NA;NA;NA;NA;NA;NA;NA;NA;NA;NA;NA;NA;NA;NA;NA;NA;NA;NA;NA;NA;NA;NA;NA;NA;NA;NA;NA;NA;NA;NA;NA;NA;NA;NA;NA;NA;NA;NA;NA;NA;NA;NA;NA;NA;NA;NA;NA;NA;NA;NA;NA;NA;NA;NA;NA;NA;NA;NA;NA;NA;NA;NA;NA;NA;NA;905.99;905.99;905.99;905.99;905.99;905.99;905.99;905.99;905.99;905.99;905.99;905.99;905.99;905.99;905.99;905.99;905.99;905.99;905.99;905.99;905.99;905.99
APARECIDA (166);183.93;183.93;130.12;130.12;130.12;164.07;164.07;164.07;182.53;182.53;182.19;182.19;166.31;164;164;164;128.41;128.41;128.41;118.96;118.96;118.96;118.96;106.99;106.99;106.99;96.11;96.11;96.11;96.11;96.11;98.28;98.28;98.28;98.28;90.75;90.75;90.75;90.75;94.62;94.62;91.57;91.57;91.57;82.15;82.15;82.15;82.15;82.15;82.15;82.15;95.66;95.66;68.55;100.92;100.7;68.11;68.11;68.11;68.11;68.11;68.11;68.11;68.11;68.11;67.79;67.79;58.99;58.99;58.99;58.99;67.79;67.05;67.05;67.05;67.05;67.05;67.05;67.05;59.95;59.95;59.95;59.95;59.61;59.61;59.61;59.61;59.61;59.08;59.08;59.08;63.95;63.95;63.95;63.95;70.25;70.25;70.25;70.25;71.83;71.8;69.06;68.5
APOENA (147);1834.44;1834.29;1834.29;1834.28;1834.28;1834.28;1834.27;NA;NA;NA;NA;NA;NA;NA;NA;NA;NA;NA;NA;NA;NA;NA;NA;NA;NA;NA;NA;NA;NA;NA;NA;NA;NA;NA;NA;NA;NA;NA;NA;NA;NA;NA;NA;NA;NA;NA;NA;NA;NA;NA;NA;NA;NA;NA;NA;NA;NA;NA;NA;NA;NA;NA;NA;NA;NA;NA;NA;NA;NA;NA;NA;NA;NA;NA;NA;NA;NA;NA;NA;NA;NA;NA;NA;NA;NA;NA;NA;NA;NA;NA;NA;NA;NA;NA;NA;NA;NA;NA;NA;NA;NA;NA;NA
ARACATI (11);NA;NA;NA;NA;NA;NA;NA;NA;NA;NA;NA;NA;NA;0;NA;NA;NA;0;NA;NA;NA;NA;NA;NA;NA;0;NA;0;0;0;0;0;0;881.41;881.41;881.41;881.41;881.41;881.41;881.41;881.41;881.41;881.41;881.41;881.41;881.41;881.41;881.41;1024.39;1024.39;1024.39;1024.39;1024.39;1024.39;1024.39;1024.34;1024.34;1024.21;1024.21;1024.21;1024.21;1024.18;1024.18;1024.18;1024.18;1023.94;1023.94;1023.94;1023.8;1023.8;1023.8;1023.8;1023.8;1023.66;1023.66;1023.66;1023.33;1023.33;1023.33;1023.33;1023.33;1023.29;1023.29;1023.29;1023.29;1022.99;1022.99;1022.99;1022.92;1022.92;1022.92;1022.92;1009.78;1009.78;1009.78;1009.78;1009.78;1009.78;1009.78;1009.78;1009.74;1009.74;1009.64
ARAUCARIA (484);706.35;1664.72;706.35;1552.15;1955.21;706.35;2084.34;2084.34;2084.34;706.35;706.35;2553.2;2553.2;2553.2;2553.2;2013.18;1708.19;1276.44;1276.44;1276.44;1083.21;1083.21;1083.21;1083.21;1138.07;1138.07;1138.07;1138.07;934.91;1054.56;1054.56;1054.56;934.91;936.86;936.86;936.86;699.11;699.11;699.11;652.6;652.6;652.6;652.6;908.31;908.31;908.31;468.39;1025.09;1025.09;697.55;697.55;468.39;461.58;461.58;461.58;630.54;630.54;630.54;630.54;641.69;641.69;641.69;641.69;641.69;641.69;614.75;614.75;614.75;556.16;556.16;556.16;556.16;556.16;471.95;471.95;471.95;471.95;471.95;0;0;681.79;681.79;681.79;681.79;681.79;681.79;NA;681.79;681.79;694.77;694.77;694.77;694.77;694.77;694.77;694.77;678.18;678.18;678.18;678.18;678.18;678.18;678.18
AREMBEPE (150);NA;NA;NA;NA;NA;NA;NA;1834.27;1834.27;1834.27;1363.3;1363.3;1363.3;1023.93;1023.93;1023.93;1023.93;1023.71;1023.71;1023.71;1022.13;1022.13;1022.13;1022.13;1021.36;1021.36;1021.36;1021.36;1021.36;1021.02;1021.02;1021.02;1021.02;1020.68;1020.68;1020.68;1019.77;1019.77;1019.77;1019.77;1019.77;1019.08;1019.08;1019.08;1019.02;1019.02;1019.02;1019.02;1019.02;1019.02;1019.02;1019.02;1019.01;1019.01;1019.01;1040.88;1040.88;1167.53;1167.53;1167.53;1167.53;1167.47;1167.47;1167.47;1167.47;1167.07;1167.07;1167.07;1166.88;1166.88;1166.88;1166.88;1166.88;1166.81;1166.81;1166.81;1166.31;1166.31;1166.31;1166.31;1166.31;1166.28;1166.28;1166.28;1166.28;1165.86;1165.86;1165.86;1165.81;1165.81;1165.81;1165.81;1165.8;1165.8;1165.8;1165.8;1165.8;1165.82;1165.82;1165.82;1118.1;1118.1;1115
ATLANTICO (235);209.96;208.7;208.7;208.69;208.69;208.58;208.58;208.58;208.58;207.47;207.47;207.47;206.42;206.42;206.42;206.42;206.42;206.08;206.08;206.08;204.31;204.31;204.31;204.22;202.37;202.37;202.37;202.37;202.37;199.08;199.08;199.08;199.08;198.25;198.25;198.25;195.8;195.8;195.8;195.8;195.8;194.37;194.37;194.37;193.84;193.84;193.84;193.84;193.82;193.82;193.82;193.82;193.73;193.73;193.73;193.11;193.11;192.78;192.78;192.78;192.78;192.7;192.7;192.7;192.7;192.23;192.23;192.23;191.73;191.73;191.73;191.73;191.73;190.99;190.99;190.99;190.5;190.5;190.5;190.5;190.5;189.52;189.52;189.52;189.52;188.62;188.62;188.62;188.17;188.17;188.17;188.17;188.16;188.16;188.16;188.16;188.16;188.36;188.36;188.36;188.08;188.08;187.82
BAHIA_1 (31);NA;NA;NA;NA;NA;NA;NA;1488.9;1488.9;1488.9;1092.7;1092.7;1092.7;819.91;819.91;819.91;819.91;819.79;819.79;819.79;819.14;819.14;819.14;819.14;818.43;818.43;818.43;818.43;818.43;817.22;817.22;817.22;817.22;816.92;816.92;816.92;816.03;816.03;816.03;816.03;816.03;815.5;815.5;815.5;815.31;815.31;815.31;815.31;815.3;815.3;815.3;815.3;815.27;815.27;815.27;749.72;749.72;731.06;731.06;731.06;731.06;731.03;731.03;731.03;731.03;730.86;730.86;730.86;730.68;730.68;730.68;730.68;730.68;730.41;730.41;730.41;730.23;730.23;730.23;730.23;730.23;729.87;729.87;729.87;729.87;729.54;729.54;729.54;729.38;729.38;729.38;729.38;729.37;729.37;729.37;729.37;729.37;729.44;729.44;729.44;861.9;861.9;994.23
BAIXADA FL (530);419.71;419.71;279.17;279.17;279.17;367.84;367.84;367.84;416.04;416.04;415.91;415.91;374.43;373.48;373.48;373.48;280.55;280.55;280.55;255.86;255.86;255.86;255.86;224.6;224.6;224.6;224.6;196.19;196.19;196.19;196.19;201.85;201.85;201.85;201.85;182.2;182.2;182.2;182.2;192.3;192.3;192.3;192.3;184.34;184.34;184.34;184.34;159.73;159.73;159.73;159.73;195.03;195.03;187.58;187.58;187.49;129.5;129.2;129.2;158.04;158.04;158.04;158.04;112.83;112.83;112.83;112.83;91.57;91.57;91.57;91.57;112.08;112.08;112.08;112.08;112.08;110.35;110.35;110.35;93.79;93.79;93.79;93.79;93;93;93;93;93;91.77;91.77;91.77;103.14;103.14;103.14;103.14;117.82;117.82;117.82;117.82;121.51;121.5;115.11;114.88
BATURITE (11);NA;NA;NA;NA;NA;NA;NA;NA;NA;NA;NA;NA;NA;0;NA;NA;NA;0;NA;NA;NA;NA;NA;NA;NA;0;NA;0;0;0;0;0;0;881.41;881.41;881.41;881.41;881.41;881.41;881.41;881.41;881.41;881.41;881.41;881.41;881.41;881.41;881.41;1024.39;1024.39;1024.39;1024.39;1024.39;1024.39;1024.39;1024.34;1024.34;1024.21;1024.21;1024.21;1024.21;1024.18;1024.18;1024.18;1024.18;1023.94;1023.94;1023.94;1023.8;1023.8;1023.8;1023.8;1023.8;1023.66;1023.66;1023.66;1023.33;1023.33;1023.33;1023.33;1023.33;1023.29;1023.29;1023.29;1023.29;1022.99;1022.99;1022.99;1022.92;1022.92;1022.92;1022.92;1009.78;1009.78;1009.78;1009.78;1009.78;1009.78;1009.78;1009.78;1009.74;1009.74;1009.64
C.MAIOR (13);NA;NA;NA;NA;NA;NA;NA;NA;NA;NA;NA;NA;NA;0;NA;NA;NA;0;NA;NA;NA;NA;NA;NA;NA;0;NA;0;0;0;0;0;0;881.41;881.41;881.41;881.41;881.41;881.41;881.41;881.41;881.41;881.41;881.41;881.41;881.41;881.41;881.41;1024.39;1024.39;1024.39;1024.39;1024.39;1024.39;1024.39;1024.34;1024.34;1024.21;1024.21;1024.21;1024.21;1024.18;1024.18;1024.18;1024.18;1023.94;1023.94;1023.94;1023.8;1023.8;1023.8;1023.8;1023.8;1023.66;1023.66;1023.66;1023.33;1023.33;1023.33;1023.33;1023.33;1023.29;1023.29;1023.29;1023.29;1022.99;1022.99;1022.99;1022.92;1022.92;1022.92;1022.92;1009.78;1009.78;1009.78;1009.78;1009.78;1009.78;1009.78;1009.78;1009.74;1009.74;1009.64
CAMPINA_GR(169);1224.08;1224.08;1082.97;1082.97;1082.97;1135.8;1135.8;1135.8;1206.08;1206.08;1205.4;1205.4;1048.73;1044.11;1044.11;1044.11;962.92;962.92;962.92;960.3;960.3;960.3;960.3;920.06;920.06;920.06;920.06;930.47;930.47;930.47;930.47;946.62;946.62;946.62;946.62;968.06;968.06;968.06;968.06;905.15;905.15;905.15;806.85;806.85;806.85;806.85;717.45;717.45;717.45;717.45;680.8;680.8;668.79;668.79;668.79;668.37;613.05;611.6;611.6;672.99;672.99;672.99;672.99;599.67;599.67;599.67;528.93;528.93;528.93;528.93;419.41;467.23;379.96;379.96;379.96;379.96;379.96;379.96;379.96;452.27;452.27;452.27;452.27;703.59;703.59;703.59;703.59;703.59;782.07;782.07;782.07;777.78;777.78;720.77;720.77;720.77;720.77;720.77;720.77;742.93;742.88;726.82;725.68
CAMPOS (25);978.1;978.1;978.1;978.1;978.1;978.1;978.1;978.1;978.1;978.1;978.1;978.1;978.1;978.1;978.1;978.1;978.1;978.1;978.1;978.1;978.1;978.1;978.1;978.1;978.1;978.1;978.1;978.1;978.1;978.1;978.1;978.1;978.1;978.1;978.1;978.1;978.1;978.1;978.1;978.1;978.1;978.1;978.1;978.1;978.1;978.1;978.1;978.1;978.1;978.1;978.1;978.1;978.1;978.1;978.1;978.1;978.1;978.1;978.1;978.1;978.1;978.1;978.1;978.1;978.1;978.1;978.1;978.1;978.1;978.1;978.1;978.1;978.1;978.1;978.1;978.1;978.1;978.1;978.1;978.1;978.1;978.1;978.1;978.1;978.1;978.1;978.1;978.1;978.1;978.1;978.1;978.1;978.1;978.1;978.1;978.1;978.1;978.1;978.1;978.1;978.1;978.1;978.1
CANDIOTA_3 (350);94.23;93.85;93.85;93.84;93.84;93.84;93.82;93.82;93.82;93.82;93.46;93.46;93.46;92.86;92.86;92.86;92.86;92.68;92.68;92.68;91.59;91.59;91.59;91.59;90.73;90.73;90.73;90.73;90.73;89.47;89.47;89.47;89.47;88.75;88.75;88.75;87.78;87.78;87.78;87.78;87.78;87.23;87.23;87.23;87.07;87.07;87.07;87.07;87.06;87.06;87.06;87.06;87.05;87.05;87.05;86.88;86.88;86.7;86.7;86.7;86.65;86.65;86.65;86.65;86.65;86.37;86.37;86.37;86.15;86.15;86.15;86.15;86.15;85.87;85.87;85.87;85.51;85.51;85.51;85.51;85.51;85.17;85.17;85.17;85.17;84.82;84.82;84.82;84.69;84.69;84.69;84.69;84.68;84.68;84.68;84.68;84.68;84.72;84.72;84.72;84.63;84.63;84.48
CANOAS (249);698.14;698.14;698.14;698.14;698.14;698.14;698.14;698.14;698.14;698.14;698.14;698.14;698.14;698.14;698.14;698.14;698.14;698.14;698.14;698.14;698.14;698.14;698.14;698.14;698.14;698.14;698.14;698.14;698.14;698.14;698.14;698.14;698.14;698.14;698.14;698.14;698.14;698.14;698.14;698.14;698.14;698.14;698.14;698.14;698.14;698.14;698.14;698.14;698.14;698.14;698.14;698.14;698.14;698.14;698.14;698.14;698.14;698.14;698.14;698.14;698.14;698.14;698.14;698.14;698.14;698.14;698.14;698.14;698.14;698.14;698.14;698.14;NA;NA;611.1;611.1;501.1;501.1;698.14;698.14;698.14;698.14;698.14;698.14;698.14;NA;NA;NA;NA;NA;698.14;NA;NA;NA;NA;NA;NA;NA;698.14;NA;NA;698.14;NA
CAUCAIA (15);NA;NA;NA;NA;NA;NA;NA;NA;NA;NA;NA;NA;NA;0;NA;NA;NA;0;NA;NA;NA;NA;NA;NA;NA;0;NA;0;0;0;0;0;0;881.41;881.41;881.41;881.41;881.41;881.41;881.41;881.41;881.41;881.41;881.41;881.41;881.41;881.41;881.41;1024.39;1024.39;1024.39;1024.39;1024.39;1024.39;1024.39;1024.34;1024.34;1024.21;1024.21;1024.21;1024.21;1024.18;1024.18;1024.18;1024.18;1023.94;1023.94;1023.94;1023.8;1023.8;1023.8;1023.8;1023.8;1023.66;1023.66;1023.66;1023.33;1023.33;1023.33;1023.33;1023.33;1023.29;1023.29;1023.29;1023.29;1022.99;1022.99;1022.99;1022.92;1022.92;1022.92;1022.92;1009.78;1009.78;1009.78;1009.78;1009.78;1009.78;1009.78;1009.78;1009.74;1009.74;1009.64
CRATO (13);NA;NA;NA;NA;NA;NA;NA;NA;NA;NA;NA;NA;NA;0;NA;NA;NA;0;NA;NA;NA;NA;NA;NA;NA;0;NA;0;0;0;0;0;0;881.41;881.41;881.41;881.41;881.41;881.41;881.41;881.41;881.41;881.41;881.41;881.41;881.41;881.41;881.41;1024.39;1024.39;1024.39;1024.39;1024.39;1024.39;1024.39;1024.34;1024.34;1024.21;1024.21;1024.21;1024.21;1024.18;1024.18;1024.18;1024.18;1023.94;1023.94;1023.94;1023.8;1023.8;1023.8;1023.8;1023.8;1023.66;1023.66;1023.66;1023.33;1023.33;1023.33;1023.33;1023.33;1023.29;1023.29;1023.29;1023.29;1022.99;1022.99;1022.99;1022.92;1022.92;1022.92;1022.92;1009.78;1009.78;1009.78;1009.78;1009.78;1009.78;1009.78;1009.78;1009.74;1009.74;1009.64
CUBATAO (216);363.65;362.21;362.21;362.15;362.15;362.15;362.09;362.09;362.09;362.09;360.7;360.7;360.7;358.39;358.39;358.39;358.39;357.66;357.66;357.66;353.47;353.47;353.47;353.47;350.13;350.13;350.13;350.13;350.13;345.29;345.29;345.29;345.29;342.5;342.5;342.5;338.77;338.77;338.77;338.77;338.77;336.64;336.64;336.64;336.01;336.01;336.01;336.01;335.99;335.99;335.99;335.99;335.94;335.94;335.94;335.3;335.3;334.58;334.58;334.58;334.58;334.39;334.39;334.39;334.39;333.31;333.31;333.31;332.47;332.47;332.47;332.47;332.47;331.4;331.4;331.4;330;330;330;330;330;328.69;328.69;328.69;328.69;327.35;327.35;327.35;326.82;326.82;326.82;326.82;326.8;326.8;326.8;326.8;326.8;326.92;326.92;326.92;326.6;326.6;NA
CUIABA CC (529);1700;1700;1700;1700;1700;1700;1700;1700;1700;1700;1700;1700;1831.81;1831.81;1831.81;1831.81;1831.81;1393.69;1393.69;1393.69;701.88;701.88;701.88;701.88;701.88;701.88;701.88;701.88;675.63;675.63;675.63;675.63;675.63;675.63;675.63;675.63;543.82;543.82;543.82;543.82;543.82;559.74;559.74;559.74;559.74;559.74;559.74;559.74;487.65;487.65;487.65;487.65;471.48;471.48;471.48;398.4;398.4;309.71;309.71;309.71;309.71;309.71;309.71;309.71;309.71;377.54;377.54;377.54;377.54;377.54;377.54;377.54;377.54;377.54;377.54;377.54;377.54;377.54;511.77;511.77;511.77;511.77;511.77;511.77;511.77;511.77;511.77;511.77;511.77;511.77;511.77;511.77;511.77;511.77;511.77;511.77;511.77;511.77;511.77;511.77;511.77;511.77;511.77
CURUMIM (31);1489.4;1488.95;1488.95;1488.94;1488.94;1488.94;1488.9;NA;NA;NA;NA;NA;NA;NA;NA;NA;NA;NA;NA;NA;NA;NA;NA;NA;NA;NA;NA;NA;NA;NA;NA;NA;NA;NA;NA;NA;NA;NA;NA;NA;NA;NA;NA;NA;NA;NA;NA;NA;NA;NA;NA;NA;NA;NA;NA;NA;NA;NA;NA;NA;NA;NA;NA;NA;NA;NA;NA;NA;NA;NA;NA;NA;NA;NA;NA;NA;NA;NA;NA;NA;NA;NA;NA;NA;NA;NA;NA;NA;NA;NA;NA;NA;NA;NA;NA;NA;NA;NA;NA;NA;NA;NA;NA
DAIA (44);1826.27;1826.06;1826.06;1021.69;1021.69;1021.69;1021.69;1021.69;1021.69;1021.69;1021.52;1021.52;1021.52;1021.09;1021.09;1021.09;1021.09;1020.95;1020.95;1020.95;1019.93;1019.93;1019.93;1019.93;1019.32;1019.32;1019.32;1019.32;1019.32;1018.6;1018.6;1018.6;1018.6;1018.25;1018.25;1018.25;1017.64;1017.64;1017.64;1017.64;1017.64;1017.11;1017.11;1017.11;1017.02;0;1017.02;1017.02;1178.85;1178.85;1178.85;1178.85;1178.85;1178.85;1178.85;1178.79;1178.79;1178.66;1178.66;1178.66;1178.66;1178.62;1178.62;1178.62;1178.62;1178.36;1178.36;1178.36;1178.2;1178.2;1178.2;1178.2;1178.2;1178.06;1178.06;1178.06;1177.7;1177.7;1177.7;1177.7;1177.7;0;0;0;0;0;NA;0;0;0;0;0;1162.38;1162.38;1162.38;1162.38;1162.38;1162.38;1162.38;1162.38;1162.34;1162.34;1162.23
ELECTRON (15);NA;NA;NA;NA;NA;NA;NA;NA;NA;NA;NA;NA;NA;NA;NA;NA;NA;NA;NA;NA;NA;NA;NA;NA;NA;NA;NA;NA;NA;NA;NA;NA;NA;NA;NA;NA;NA;NA;NA;NA;NA;NA;NA;NA;NA;NA;NA;NA;NA;NA;NA;NA;NA;NA;NA;NA;NA;NA;NA;NA;NA;NA;NA;NA;NA;NA;NA;NA;NA;NA;NA;NA;NA;NA;NA;NA;NA;NA;NA;NA;NA;872.84;872.84;872.84;872.84;872.84;872.84;872.84;872.84;872.84;872.84;872.84;872.84;872.84;872.84;872.84;872.84;872.84;872.84;872.84;872.84;872.84;872.84
ERB CANDEI (17);97.18;97.18;97.18;97.18;97.18;97.18;97.18;97.18;97.18;97.18;95.98;95.98;95.98;87.81;87.81;87.81;87.81;87.81;87.81;87.81;87.81;87.81;87.81;87.81;87.81;87.81;87.81;87.81;87.81;87.81;87.81;87.81;87.81;87.81;87.81;87.81;87.81;87.81;87.81;87.81;87.81;87.81;87.81;87.81;87.81;87.81;87.81;87.81;87.81;87.81;87.81;87.81;NA;NA;NA;NA;NA;NA;NA;NA;NA;NA;NA;NA;NA;NA;NA;NA;NA;NA;NA;NA;NA;NA;NA;NA;NA;NA;NA;NA;NA;NA;NA;NA;NA;NA;NA;NA;NA;NA;NA;NA;NA;NA;NA;NA;NA;NA;NA;NA;NA;NA;NA
FIGUEIRA (20);475.68;475.68;475.68;475.68;475.68;475.68;475.68;475.68;475.68;475.68;475.68;475.68;475.68;475.68;475.68;475.68;475.68;475.68;475.68;475.68;475.68;475.68;475.68;475.68;475.68;475.68;475.68;475.68;475.68;475.68;475.68;475.68;475.68;475.68;475.68;475.68;475.68;475.68;475.68;475.68;475.68;475.68;475.68;475.68;475.68;475.68;475.68;475.68;475.68;475.68;475.68;475.68;475.68;475.68;475.68;475.68;475.68;475.68;475.68;475.68;475.68;475.68;475.68;475.68;475.68;475.68;475.68;475.68;475.68;475.68;475.68;475.68;475.68;475.68;475.68;475.68;475.68;475.68;475.68;475.68;475.68;475.68;475.68;475.68;475.68;475.68;475.68;475.68;475.68;475.68;475.68;475.68;475.68;475.68;475.68;475.68;475.68;475.68;475.68;475.68;475.68;475.68;475.68
FLORES LT1 (40);NA;NA;NA;NA;NA;NA;NA;NA;NA;NA;NA;NA;NA;NA;NA;NA;NA;NA;NA;NA;NA;NA;NA;NA;NA;NA;NA;NA;NA;NA;NA;NA;NA;NA;NA;NA;NA;NA;NA;NA;NA;NA;NA;NA;NA;NA;NA;NA;NA;NA;NA;NA;NA;NA;NA;NA;NA;NA;NA;NA;NA;NA;NA;NA;NA;NA;NA;NA;NA;NA;NA;NA;NA;NA;NA;NA;NA;NA;NA;NA;NA;954.66;954.66;954.66;954.66;982.13;982.13;982.13;978.6;978.6;978.6;978.6;969.35;969.35;969.35;969.35;969.35;982.68;982.68;982.68;952.48;952.48;922.84
FLORES LT2 (40);NA;NA;NA;NA;NA;NA;NA;NA;NA;NA;NA;NA;NA;NA;NA;NA;NA;NA;NA;NA;NA;NA;NA;NA;NA;NA;NA;NA;NA;NA;NA;NA;NA;NA;NA;NA;NA;NA;NA;NA;NA;NA;NA;NA;NA;NA;NA;NA;NA;NA;NA;NA;NA;NA;NA;NA;NA;NA;NA;NA;NA;NA;NA;NA;NA;NA;NA;NA;NA;NA;NA;NA;NA;NA;NA;NA;NA;NA;NA;NA;NA;970.1;970.1;970.1;970.1;NA;NA;NA;NA;NA;NA;NA;NA;NA;NA;NA;NA;NA;998.32;NA;NA;NA;NA
FORTALEZA (327);254.96;254.96;254.96;254.96;254.96;254.96;254.96;254.96;254.96;254.96;245.46;245.46;245.46;245.46;245.46;245.46;245.46;245.46;245.46;245.46;245.46;245.46;245.46;245.46;245.46;245.46;245.46;245.46;245.46;245.46;245.46;245.46;245.46;245.46;245.46;245.46;223.72;223.72;223.72;223.72;223.72;223.72;223.72;223.72;223.72;223.72;223.72;223.72;223.72;223.72;223.72;223.72;223.72;223.72;223.72;223.72;223.72;223.72;223.72;223.72;223.72;180.57;180.57;180.57;180.57;180.57;180.57;180.57;180.57;180.57;180.57;180.57;180.57;180.57;180.57;180.57;180.57;180.57;180.57;180.57;180.57;180.57;180.57;180.57;180.57;180.57;180.57;180.57;180.57;180.57;180.57;180.57;180.57;180.57;180.57;180.57;180.57;173.38;173.38;173.38;173.38;173.38;173.38
GERAMAR1 (166);1224.04;1224.04;1082.93;1082.93;1082.93;1135.76;1135.76;1135.76;1206.04;1206.04;1205.36;1205.36;1048.69;1044.07;1044.07;1044.07;962.88;962.88;962.88;960.26;960.26;960.26;960.26;920.02;920.02;920.02;920.02;930.43;930.43;930.43;930.43;946.58;946.58;946.58;946.58;968.02;968.02;968.02;968.02;905.11;905.11;905.11;905.11;806.81;806.81;806.81;806.81;717.42;717.42;717.42;717.42;680.77;680.77;668.77;668.77;668.35;611.58;611.58;611.58;672.97;672.97;672.97;672.97;599.65;599.65;599.65;599.65;528.91;528.91;528.91;528.91;467.21;467.21;467.21;467.21;379.94;379.94;379.94;379.94;452.25;452.25;452.25;452.25;703.57;703.57;703.57;703.57;703.57;782.04;782.04;782.04;777.75;777.75;777.75;777.75;720.74;720.74;720.74;720.74;742.91;742.86;726.79;725.65
GERAMAR2 (166);1224.04;1224.04;1082.93;1082.93;1082.93;1135.76;1135.76;1135.76;1206.04;1206.04;1205.36;1205.36;1048.69;1044.07;1044.07;1044.07;962.88;962.88;962.88;960.26;960.26;960.26;960.26;920.02;920.02;920.02;920.02;930.43;930.43;930.43;930.43;946.58;946.58;946.58;946.58;968.02;968.02;968.02;968.02;905.11;905.11;905.11;905.11;806.81;806.81;806.81;806.81;717.42;717.42;717.42;717.42;680.77;680.77;668.77;668.77;668.35;611.58;611.58;611.58;672.97;672.97;672.97;672.97;599.65;599.65;599.65;599.65;528.91;528.91;528.91;528.91;NA;NA;NA;NA;NA;NA;NA;NA;NA;NA;452.25;452.25;703.57;703.57;703.57;703.57;703.57;782.04;782.04;782.04;777.75;777.75;777.75;777.75;720.74;720.74;720.74;720.74;742.91;742.86;726.79;725.65
GLOBAL I (149);1386.09;1386.09;1226.79;1226.79;1226.79;1286.43;1286.43;1286.43;1365.77;1365.77;1364.95;1364.95;1188.08;1182.5;1182.5;1182.5;1090.85;1090.85;1090.85;1087.89;1087.89;1087.89;1087.89;1042.47;1042.47;1042.47;1042.47;1054.22;1054.22;1054.22;1054.22;1072.45;1072.45;1072.45;1072.45;1096.65;1096.65;1096.65;1096.65;1025.63;1025.63;1025.63;1025.63;914.67;914.67;914.67;914.67;813.75;813.75;813.75;813.75;772.37;772.37;758.82;758.82;758.31;695.86;694.11;694.11;763.42;763.42;763.42;763.42;680.64;680.64;680.64;680.64;600.78;600.78;600.78;600.78;531.13;531.13;531.13;531.13;531.13;432.62;432.62;432.62;514.25;514.25;514.25;514.25;797.96;797.96;797.96;797.96;797.96;886.55;886.55;886.55;881.71;881.71;881.71;881.71;817.35;817.35;817.35;817.35;842.37;842.31;824.17;822.8
GLOBAL II (149);1386.09;1386.09;1226.79;1226.79;1226.79;1286.43;1286.43;1286.43;1365.77;1365.77;1364.95;1364.95;1188.08;1182.5;1182.5;1182.5;1090.85;1090.85;1090.85;1087.89;1087.89;1087.89;1087.89;1042.47;1042.47;1042.47;1042.47;1054.22;1054.22;1054.22;1054.22;1072.45;1072.45;1072.45;1072.45;1096.65;1096.65;1096.65;1096.65;1025.63;1025.63;1025.63;1025.63;914.67;914.67;914.67;914.67;813.75;813.75;813.75;813.75;772.37;772.37;758.82;758.82;758.31;695.86;694.11;694.11;763.42;763.42;763.42;763.42;680.64;680.64;680.64;680.64;600.78;600.78;600.78;600.78;531.13;531.13;531.13;531.13;531.13;432.62;432.62;432.62;514.25;514.25;514.25;514.25;797.96;797.96;797.96;797.96;797.96;886.55;886.55;886.55;881.71;881.71;881.71;881.71;817.35;817.35;817.35;817.35;842.37;842.31;824.17;822.8
GOIANIA 2 (140);1925.96;1925.67;1925.67;1068.3;1068.3;1068.3;1642.2;1562.15;1562.15;1562.15;1461.86;1463.74;1463.74;1429.19;1429.19;1429.19;1423.43;1067.44;1067.44;1067.44;1066.64;1066.64;1066.64;1066.64;1066.14;1066.14;1066.14;1066.14;1066.14;1065.35;1065.35;1065.35;1065.35;1064.95;1064.95;1064.95;1064.13;1064.13;1064.13;1064.13;1064.13;1063.48;1063.48;1063.48;1063.36;943.31;943.31;943.31;1236.05;1236.05;1236.05;1236.05;1236.04;1236.04;1236.04;1235.94;1235.79;1235.79;1235.79;1235.79;1235.79;1235.75;1235.75;1235.75;1235.75;1235.54;1235.54;1235.54;1235.41;1235.41;1235.41;NA;NA;NA;NA;NA;NA;NA;NA;NA;1234.81;1234.73;1234.73;1234.73;1234.73;NA;NA;1234.33;NA;1234.23;NA;1234.23;1218.35;1218.35;1218.35;NA;NA;1218.38;1218.38;1218.38;1218.33;1218.33;NA
GUARANI (150);1834.44;1834.29;1834.29;1834.28;1834.28;1834.28;1834.27;NA;NA;NA;NA;NA;NA;NA;NA;NA;NA;NA;NA;NA;NA;NA;NA;NA;NA;NA;NA;NA;NA;NA;NA;NA;NA;NA;NA;NA;NA;NA;NA;NA;NA;NA;NA;NA;NA;NA;NA;NA;NA;NA;NA;NA;NA;NA;NA;NA;NA;NA;NA;NA;NA;NA;NA;NA;NA;NA;NA;NA;NA;NA;NA;NA;NA;NA;NA;NA;NA;NA;NA;NA;NA;NA;NA;NA;NA;NA;NA;NA;NA;NA;NA;NA;NA;NA;NA;NA;NA;NA;NA;NA;NA;NA;NA
IBIRITE (226);1532.84;1532.84;2201.41;2201.41;2201.41;1943.11;1943.11;1943.11;2122.52;2122.52;2122.35;2122.35;1393.54;1392.4;1392.4;1392.4;959.34;959.34;959.34;781.76;781.76;781.76;781.76;650.77;650.77;650.77;650.77;573.9;573.9;574.01;574.01;482.95;482.95;482.95;482.95;393.64;393.64;393.64;393.64;411.45;411.45;411.45;411.45;971.27;971.27;971.27;971.27;604.49;604.49;604.49;604.49;402.81;346.37;346.37;346.37;346.37;346.37;346.37;346.37;346.37;346.37;346.37;346.37;346.37;346.37;346.37;346.37;346.37;346.37;346.37;346.37;346.37;346.37;346.37;346.37;346.37;346.37;346.37;346.37;346.37;346.37;346.37;346.37;346.37;346.37;346.37;346.37;346.37;346.37;346.37;346.37;346.37;346.37;346.37;346.37;346.37;346.37;346.37;346.37;346.37;346.37;346.37;NA
IGARAPE (131);NA;NA;NA;NA;NA;NA;NA;NA;NA;NA;NA;NA;NA;NA;NA;NA;NA;NA;NA;NA;NA;NA;NA;NA;NA;NA;NA;NA;NA;NA;NA;NA;NA;NA;NA;NA;NA;NA;NA;NA;NA;NA;NA;NA;NA;NA;NA;NA;NA;NA;NA;NA;NA;NA;NA;NA;NA;939.55;939.55;939.55;939.55;939.55;939.55;939.55;939.55;939.55;939.55;939.55;939.55;939.55;939.55;939.55;939.55;939.55;939.55;939.55;939.55;939.55;939.55;939.55;939.55;939.55;939.55;939.55;939.55;939.55;939.55;939.55;939.55;939.55;939.55;939.55;939.55;939.55;939.55;939.55;939.55;939.55;939.55;939.55;939.55;939.55;939.55
IGUATU (15);NA;NA;NA;NA;NA;NA;NA;NA;NA;NA;NA;NA;NA;0;NA;NA;NA;0;NA;NA;NA;NA;NA;NA;NA;0;NA;0;0;0;0;0;0;881.41;881.41;881.41;881.41;881.41;881.41;881.41;881.41;881.41;881.41;881.41;881.41;881.41;881.41;881.41;1024.39;1024.39;1024.39;1024.39;1024.39;1024.39;1024.39;1024.34;1024.34;1024.21;1024.21;1024.21;1024.21;1024.18;1024.18;1024.18;1024.18;1023.94;1023.94;1023.94;1023.8;1023.8;1023.8;1023.8;1023.8;1023.66;1023.66;1023.66;1023.33;1023.33;1023.33;1023.33;1023.33;1023.29;1023.29;1023.29;1023.29;1022.99;1022.99;1022.99;1022.92;1022.92;1022.92;1022.92;1009.78;1009.78;1009.78;1009.78;1009.78;1009.78;1009.78;1009.78;1009.74;1009.74;1009.64
IRANDUBA (25);NA;NA;NA;NA;NA;NA;NA;NA;NA;NA;NA;NA;NA;NA;NA;NA;NA;NA;NA;NA;NA;NA;NA;NA;NA;NA;NA;NA;NA;NA;NA;NA;NA;NA;NA;NA;NA;NA;NA;NA;NA;NA;NA;NA;NA;NA;NA;NA;NA;NA;NA;NA;NA;NA;NA;NA;NA;NA;NA;NA;NA;NA;NA;NA;NA;NA;NA;NA;NA;NA;NA;NA;NA;NA;NA;NA;NA;NA;NA;NA;NA;941.21;941.21;941.21;941.21;968.18;968.18;968.18;964.71;964.71;964.71;964.71;955.63;955.63;955.63;955.63;955.63;968.71;968.71;968.71;939.07;939.07;909.97
J.LAC. A1 (100);304.61;304.61;304.61;304.61;304.61;304.61;304.61;304.61;304.61;304.61;304.61;304.61;304.61;304.61;304.61;304.61;304.61;304.61;304.61;304.61;304.61;304.61;304.61;304.61;270.48;270.48;270.48;270.48;270.48;270.48;270.48;270.48;270.48;270.48;270.48;270.48;270.48;270.48;270.48;270.48;270.48;270.48;270.48;270.48;270.48;270.48;270.48;270.48;270.48;270.48;270.48;270.48;270.48;270.48;270.48;270.48;270.48;270.48;270.48;270.48;270.48;270.48;270.48;270.48;270.48;270.48;270.48;270.48;270.48;270.48;270.48;270.48;270.48;270.48;270.48;270.48;254.97;254.97;254.97;254.97;254.97;254.97;254.97;254.97;254.97;254.97;254.97;254.97;254.97;254.97;254.97;254.97;254.97;254.97;254.97;254.97;254.97;254.97;254.97;254.97;254.97;254.97;254.97
J.LAC. A2 (132);278.38;278.38;278.38;278.38;278.38;278.38;278.38;278.38;278.38;278.38;278.38;278.38;278.38;278.38;278.38;278.38;278.38;278.38;278.38;278.38;278.38;278.38;278.38;278.38;245.21;245.21;245.21;245.21;245.21;245.21;245.21;245.21;245.21;245.21;245.21;245.21;245.21;245.21;245.21;245.21;245.21;245.21;245.21;245.21;245.21;245.21;245.21;245.21;245.21;245.21;245.21;245.21;245.21;245.21;245.21;245.21;245.21;245.21;245.21;245.21;245.21;245.21;245.21;245.21;245.21;245.21;245.21;245.21;245.21;245.21;245.21;245.21;245.21;245.21;245.21;245.21;235.35;235.35;235.35;235.35;235.35;235.35;235.35;235.35;235.35;235.35;235.35;235.35;235.35;235.35;235.35;235.35;235.35;235.35;235.35;235.35;235.35;235.35;235.35;235.35;235.35;235.35;235.35
J.LACER. B (262);271.21;271.21;271.21;271.21;271.21;271.21;271.21;271.21;271.21;271.21;271.21;271.21;271.21;271.21;271.21;271.21;271.21;271.21;271.21;271.21;271.21;271.21;271.21;271.21;244.14;244.14;244.14;244.14;244.14;244.14;244.14;244.14;244.14;244.14;244.14;244.14;244.14;244.14;244.14;244.14;244.14;244.14;244.14;244.14;244.14;244.14;244.14;244.14;244.14;244.14;244.14;244.14;244.14;244.14;244.14;244.14;244.14;244.14;244.14;244.14;244.14;244.14;244.14;244.14;244.14;244.14;244.14;244.14;244.14;244.14;244.14;244.14;244.14;244.14;244.14;244.14;228.12;228.12;228.12;228.12;228.12;228.12;228.12;228.12;228.12;228.12;228.12;228.12;228.12;228.12;228.12;228.12;228.12;228.12;228.12;228.12;228.12;228.12;228.12;228.12;228.12;228.12;228.12
J.LACER. C (363);229.27;229.27;229.27;229.27;229.27;229.27;229.27;229.27;229.27;229.27;229.27;229.27;229.27;229.27;229.27;229.27;229.27;229.27;229.27;229.27;229.27;229.27;229.27;229.27;206.84;206.84;206.84;206.84;206.84;206.84;206.84;206.84;206.84;206.84;206.84;206.84;206.84;206.84;206.84;206.84;206.84;206.84;206.84;206.84;206.84;206.84;206.84;206.84;206.84;206.84;206.84;206.84;206.84;206.84;206.84;206.84;206.84;206.84;206.84;206.84;206.84;206.84;206.84;206.84;206.84;206.84;206.84;206.84;206.84;206.84;206.84;206.84;206.84;206.84;206.84;206.84;193.62;193.62;193.62;193.62;193.62;193.62;193.62;193.62;193.62;193.62;193.62;193.62;193.62;193.62;193.62;193.62;193.62;193.62;193.62;193.62;193.62;193.62;193.62;193.62;193.62;193.62;193.62
JUAZEIRO N (15);NA;NA;NA;NA;NA;NA;NA;NA;NA;NA;NA;NA;NA;0;NA;NA;NA;0;NA;NA;NA;NA;NA;NA;NA;0;NA;0;0;0;0;0;0;881.41;881.41;881.41;881.41;881.41;881.41;881.41;881.41;881.41;881.41;881.41;881.41;881.41;881.41;881.41;1024.39;1024.39;1024.39;1024.39;1024.39;1024.39;1024.39;1024.34;1024.34;1024.21;1024.21;1024.21;1024.21;1024.18;1024.18;1024.18;1024.18;1023.94;1023.94;1023.94;1023.8;1023.8;1023.8;1023.8;1023.8;1023.66;1023.66;1023.66;1023.33;1023.33;1023.33;1023.33;1023.33;1023.29;1023.29;1023.29;1023.29;1022.99;1022.99;1022.99;1022.92;1022.92;1022.92;1022.92;1009.78;1009.78;1009.78;1009.78;1009.78;1009.78;1009.78;1009.78;1009.74;1009.74;1009.64
JUIZ DE FO (87);522.96;522.96;522.96;522.96;522.96;522.96;522.96;522.96;522.96;522.96;522.96;522.96;522.96;522.96;522.96;522.96;283.74;283.74;283.74;283.74;283.74;283.74;283.74;283.74;283.74;283.74;283.74;283.74;283.74;283.74;283.74;283.74;283.74;283.74;283.74;283.74;283.74;283.74;283.74;283.74;283.74;283.74;283.74;283.74;283.74;283.74;283.74;283.74;283.74;283.74;283.74;283.74;283.74;283.74;283.74;283.74;283.74;283.74;283.74;283.74;283.74;283.74;283.74;283.74;283.74;283.74;283.74;283.74;283.74;283.74;283.74;283.74;283.74;283.74;283.74;283.74;283.74;283.74;283.74;283.74;283.74;283.74;283.74;283.74;283.74;283.74;283.74;283.74;283.74;283.74;283.74;283.74;283.74;283.74;283.74;283.74;283.74;283.74;283.74;283.74;283.74;283.74;283.74
LUIZORMELO (204);661.34;661.34;435.3;435.3;435.3;577.92;577.92;577.92;655.42;655.42;655.36;655.36;588.66;588.29;588.29;588.29;438.83;438.83;438.83;399.11;399.11;399.11;399.11;348.84;348.84;348.84;348.84;303.14;303.14;303.14;303.14;312.25;312.25;312.25;312.25;280.64;280.64;280.64;280.64;296.89;296.89;296.89;296.89;284.1;284.1;284.1;284.1;244.51;244.51;244.51;244.51;301.28;301.28;323.35;323.35;323.32;218.79;218.79;218.79;270.71;270.71;270.71;270.71;189.33;189.33;189.33;189.33;151.05;151.05;151.05;151.05;187.98;187.98;187.98;187.98;187.98;184.87;184.87;184.87;155.05;155.05;155.05;155.05;153.62;153.62;153.62;153.62;153.62;151.42;151.42;151.42;171.88;171.88;171.88;171.88;198.31;198.31;198.31;198.31;204.95;204.95;193.45;193.36
MADEIRA (4);336.74;336.12;336.12;336.06;336.06;336.06;336.02;336.02;336.02;336.02;335.7;335.7;335.7;333.15;333.15;333.15;333.15;332.22;332.22;332.22;325.32;325.32;325.32;325.32;321.94;321.94;321.94;321.94;321.94;320.44;320.44;320.44;320.44;318.99;318.99;318.99;314.98;314.98;314.98;314.98;314.98;311.99;311.99;311.99;311.72;311.72;311.72;311.72;311.7;311.7;311.7;311.7;311.66;311.66;311.66;311.46;311.46;310.67;310.67;310.67;310.67;310.43;310.43;310.43;310.43;308.66;308.66;308.66;307.84;307.84;307.84;307.84;307.84;307.52;307.52;307.52;305.35;305.35;305.35;305.35;305.35;305.2;305.2;305.2;305.2;303.36;303.36;303.36;303.13;303.13;303.13;303.13;303.11;303.11;303.11;303.11;303.11;303.19;303.19;303.19;303.11;303.11;302.47
MARACANAU(168);1193.73;1193.73;1054.21;1054.21;1054.21;1106.44;1106.44;1106.44;1175.93;1175.93;1175.46;1175.46;1020.55;1017.37;1017.37;1017.37;937.1;937.1;937.1;934.51;934.51;934.51;934.51;894.72;894.72;894.72;894.72;905.02;905.02;905.02;905.02;920.98;920.98;920.98;920.98;942.18;942.18;942.18;942.18;879.98;879.98;879.98;782.78;782.78;782.78;782.78;694.4;694.4;694.4;694.4;694.4;658.16;658.16;646;646;646;590.3;590.3;590.3;651;651;651;651;578.5;578.5;578.5;508.56;508.56;508.56;508.56;414.68;447.55;447.55;447.55;447.55;361.26;361.26;361.26;361.26;432.76;432.76;432.76;432.76;681.26;681.26;681.26;681.26;681.26;758.85;758.85;758.85;754.61;754.61;754.61;754.61;698.24;698.24;698.24;698.24;720.15;720.12;704.24;703.46
MARAMBAIA (13);NA;NA;NA;NA;NA;NA;NA;NA;NA;NA;NA;NA;NA;0;NA;NA;NA;0;NA;NA;NA;NA;NA;NA;NA;0;NA;0;0;0;0;0;0;881.41;881.41;881.41;881.41;881.41;881.41;881.41;881.41;881.41;881.41;881.41;881.41;881.41;881.41;881.41;1024.39;1024.39;1024.39;1024.39;1024.39;1024.39;1024.39;1024.34;1024.34;1024.21;1024.21;1024.21;1024.21;1024.18;1024.18;1024.18;1024.18;1023.94;1023.94;1023.94;1023.8;1023.8;1023.8;1023.8;1023.8;1023.66;1023.66;1023.66;1023.33;1023.33;1023.33;1023.33;1023.33;1023.29;1023.29;1023.29;1023.29;1022.99;1022.99;1022.99;1022.92;1022.92;1022.92;1022.92;1009.78;1009.78;1009.78;1009.78;1009.78;1009.78;1009.78;1009.78;1009.74;1009.74;1009.64
MARANHAO3(519);94.86;94.86;94.86;94.86;94.86;94.86;94.86;94.86;94.86;94.86;93.69;93.69;93.69;85.72;85.72;85.72;85.72;85.72;85.72;85.72;85.72;85.72;85.72;85.72;85.72;85.72;85.72;85.72;85.72;85.72;85.72;85.72;85.72;85.72;85.72;85.72;85.72;85.72;85.72;85.72;85.72;85.72;85.72;85.72;85.72;85.72;85.72;85.72;85.72;85.72;85.72;85.72;85.72;85.72;85.72;84.98;84.98;82.48;82.48;82.48;82.48;82.48;82.48;82.48;82.48;82.48;82.48;82.48;82.48;82.48;82.48;82.48;82.48;82.48;82.48;82.48;82.48;82.48;82.48;82.48;82.48;82.48;82.48;82.48;82.48;82.48;82.48;82.48;82.48;82.48;82.48;82.48;82.48;82.48;82.48;82.48;82.48;82.48;82.48;82.48;82.4;82.4;80.44
MARANHAOIV(338);387.92;387.92;260.05;260.05;260.05;340.73;340.73;340.73;384.58;384.58;384.38;384.38;346.65;345.28;345.28;345.28;260.72;260.72;260.72;238.25;238.25;238.25;238.25;209.82;209.82;209.82;209.82;183.96;183.96;183.95;183.95;189.11;189.11;189.11;189.11;171.23;171.23;171.23;171.23;180.42;180.42;180.42;180.42;173.18;173.18;173.18;173.18;150.79;150.79;150.79;150.79;182.9;182.9;195.38;195.38;195.26;136.2;135.77;135.77;165.14;165.14;165.14;165.14;119.11;119.11;119.11;119.11;97.45;97.45;97.45;97.45;118.34;118.34;118.34;118.34;118.34;116.58;116.58;116.58;99.71;99.71;99.71;99.71;98.91;98.91;98.91;98.91;98.91;97.66;97.66;97.66;109.23;109.23;109.23;109.23;124.19;124.19;124.19;124.19;127.94;127.92;121.42;121.09
MARANHAOV (338);387.92;387.92;260.05;260.05;260.05;340.73;340.73;340.73;384.58;384.58;384.38;384.38;346.65;345.28;345.28;345.28;260.72;260.72;260.72;238.25;238.25;238.25;238.25;209.82;209.82;209.82;209.82;183.96;183.96;183.95;183.95;189.11;189.11;189.11;189.11;171.23;171.23;171.23;171.23;180.42;180.42;180.42;180.42;173.18;173.18;173.18;173.18;150.79;150.79;150.79;150.79;182.9;182.9;195.38;195.38;195.26;136.2;135.77;135.77;165.14;165.14;165.14;165.14;119.11;119.11;119.11;119.11;97.45;97.45;97.45;97.45;118.34;118.34;118.34;118.34;118.34;116.58;116.58;116.58;99.71;99.71;99.71;99.71;98.91;98.91;98.91;98.91;98.91;97.66;97.66;97.66;109.23;109.23;109.23;109.23;124.19;124.19;124.19;124.19;127.94;127.92;121.42;121.09
MAUA B1 (20);NA;NA;NA;NA;NA;NA;NA;NA;NA;NA;NA;NA;NA;NA;NA;NA;NA;NA;NA;NA;NA;NA;NA;NA;NA;NA;NA;NA;NA;NA;NA;NA;NA;NA;NA;NA;NA;NA;NA;NA;NA;NA;NA;NA;NA;NA;NA;NA;NA;NA;NA;NA;NA;NA;NA;NA;NA;NA;NA;NA;NA;NA;NA;NA;NA;NA;NA;NA;NA;NA;NA;NA;NA;NA;NA;NA;NA;NA;NA;NA;NA;711.77;711.77;711.77;711.77;711.77;711.77;711.77;711.77;711.77;711.77;711.77;711.77;711.77;711.77;711.77;711.77;711.77;711.77;711.77;711.77;711.77;711.77
MAUA B3 (110);NA;NA;NA;NA;NA;NA;NA;NA;NA;NA;NA;NA;NA;NA;NA;NA;NA;NA;NA;NA;NA;NA;NA;NA;NA;NA;NA;NA;NA;NA;NA;NA;NA;NA;NA;NA;NA;NA;NA;NA;NA;NA;NA;NA;NA;NA;NA;NA;NA;NA;NA;NA;NA;NA;NA;NA;NA;NA;NA;NA;NA;NA;NA;NA;NA;NA;NA;NA;NA;NA;NA;NA;NA;NA;NA;NA;NA;NA;NA;NA;NA;411.92;411.92;411.92;411.92;411.92;411.92;411.92;411.92;411.92;411.92;411.92;411.92;411.92;411.92;411.92;411.92;411.92;411.92;411.92;411.92;411.92;411.92
MAUA B4 (150);NA;NA;NA;NA;NA;NA;NA;NA;NA;NA;NA;NA;NA;NA;NA;NA;NA;NA;NA;NA;NA;NA;NA;NA;NA;NA;NA;NA;NA;NA;NA;NA;NA;NA;NA;NA;NA;NA;NA;NA;NA;NA;NA;NA;NA;NA;NA;NA;NA;NA;NA;NA;NA;NA;NA;NA;NA;NA;NA;NA;NA;NA;NA;NA;NA;NA;NA;NA;NA;NA;NA;NA;NA;NA;NA;NA;NA;NA;NA;NA;NA;575;575;575;575;575;575;575;575;575;575;575;575;575;575;575;575;575;575;575;575;575;575
MURICY (147);NA;NA;NA;NA;NA;NA;NA;1834.27;1834.27;1834.27;1363.3;1363.3;1363.3;1023.93;1023.93;1023.93;1023.93;1023.71;1023.71;1023.71;1022.13;1022.13;1022.13;1022.13;1021.36;1021.36;1021.36;1021.36;1021.36;1021.02;1021.02;1021.02;1021.02;1020.68;1020.68;1020.68;1019.77;1019.77;1019.77;1019.77;1019.77;1019.08;1019.08;1019.08;1019.02;1019.02;1019.02;1019.02;1019.02;1019.02;1019.02;1019.02;1019.01;1019.01;1019.01;1040.88;1040.88;1167.53;1167.53;1167.53;1167.53;1167.47;1167.47;1167.47;1167.47;1167.07;1167.07;1167.07;1166.88;1166.88;1166.88;1166.88;1166.88;1166.81;1166.81;1166.81;1166.31;1166.31;1166.31;1166.31;1166.31;1166.28;1166.28;1166.28;1166.28;1165.86;1165.86;1165.86;1165.81;1165.81;1165.81;1165.81;1165.8;1165.8;1165.8;1165.8;1165.8;1165.82;1165.82;1165.82;1118.1;1118.1;1115
N.VEN2_L22 (27);257.06;257.06;257.06;257.06;257.06;257.06;257.06;257.06;257.06;257.06;253.88;253.88;253.88;232.27;232.27;232.27;232.27;232.27;232.27;232.27;232.27;232.27;232.27;232.27;232.27;232.27;232.27;232.27;232.27;232.01;232.01;232.01;232.01;232.01;232.01;232.01;232.01;232.01;232.01;232.01;232.01;232.01;232.01;232.01;232.01;232.01;232.01;232.01;232.01;232.01;232.01;232.01;232.27;232.27;232.27;230.29;230.29;223.51;223.51;223.51;223.51;223.51;223.51;223.51;223.51;223.51;223.51;223.51;223.51;223.51;223.51;223.51;223.51;223.51;223.51;223.51;223.51;223.51;223.51;223.51;223.51;223.51;223.51;223.51;223.51;223.51;223.51;223.51;223.51;223.51;223.51;223.51;223.51;223.51;223.51;223.51;223.51;223.51;223.51;223.51;223.29;223.29;217.98
N.VEN2_L7 (151);257.06;257.06;257.06;257.06;257.06;257.06;257.06;257.06;257.06;257.06;253.88;253.88;253.88;232.27;232.27;232.27;232.27;232.27;232.27;232.27;232.27;232.27;232.27;232.27;232.27;232.27;232.27;232.27;232.27;232.27;232.27;232.27;232.27;232.27;232.27;232.27;232.27;232.27;232.27;232.27;232.27;232.27;232.27;232.27;232.27;232.27;232.27;232.27;232.27;232.27;232.27;232.27;232.27;232.27;232.27;230.29;230.29;223.51;223.51;223.51;223.51;223.51;223.51;223.51;223.51;223.51;223.51;223.51;223.51;223.51;223.51;223.51;223.51;223.51;223.51;223.51;223.51;223.51;223.51;223.51;223.51;223.51;223.51;223.51;223.51;223.51;223.51;223.51;223.51;223.51;223.51;223.51;223.51;223.51;223.51;223.51;223.51;223.51;223.51;223.51;223.29;223.29;217.98
NAZARIA (13);NA;NA;NA;NA;NA;NA;NA;NA;NA;NA;NA;NA;NA;0;NA;NA;NA;0;NA;NA;NA;NA;NA;NA;NA;0;NA;0;0;0;0;0;0;881.41;881.41;881.41;881.41;881.41;881.41;881.41;881.41;881.41;881.41;881.41;881.41;881.41;881.41;881.41;1024.39;1024.39;1024.39;1024.39;1024.39;1024.39;1024.39;1024.34;1024.34;1024.21;1024.21;1024.21;1024.21;1024.18;1024.18;1024.18;1024.18;1023.94;1023.94;1023.94;1023.8;1023.8;1023.8;1023.8;1023.8;1023.66;1023.66;1023.66;1023.33;1023.33;1023.33;1023.33;1023.33;1023.29;1023.29;1023.29;1023.29;1022.99;1022.99;1022.99;1022.92;1022.92;1022.92;1022.92;1009.78;1009.78;1009.78;1009.78;1009.78;1009.78;1009.78;1009.78;1009.74;1009.74;1009.64
NORTEFLU 1 (400);100.1;102.38;102.38;102.68;102.68;102.68;102.68;86.66;86.66;86.66;86.66;84.57;84.57;84.57;81.36;81.36;81.36;80.69;80.69;80.69;80.11;80.11;80.11;80.11;82.94;82.94;82.94;82.94;82.94;84.73;84.73;84.73;84.73;86.91;86.91;86.91;85.23;85.23;85.23;85.23;85.23;83.96;83.96;83.96;83.96;81.96;81.96;81.96;81.96;83.8;83.8;83.8;83.8;85.64;85.64;84.46;84.46;82.25;82.25;82.25;82.25;82.25;79.32;79.32;79.32;83.15;83.15;83.15;83.15;81.94;81.94;81.94;81.94;80.85;80.85;80.85;80.85;77.17;77.17;77.17;77.17;77.17;69.73;69.73;69.73;67.38;67.38;67.38;67.38;65.14;65.14;65.14;66.85;66.85;66.85;66.85;66.85;65.28;65.28;65.28;66.64;66.64;65.75
NORTEFLU 2 (100);113.89;116.16;116.16;116.46;116.46;116.46;116.46;99.63;99.63;99.63;99.63;97.54;97.54;97.54;94.33;94.33;94.33;92.91;92.91;92.91;92.32;92.32;92.32;92.32;95.16;95.16;95.16;95.16;95.16;96.23;96.23;96.23;96.23;95.84;95.84;95.84;98.99;98.99;98.99;98.99;98.99;97.73;97.73;97.73;97.73;93.02;93.02;93.02;93.02;94.87;94.87;94.87;94.87;96.7;96.7;95.52;95.52;93.32;93.32;93.32;93.32;93.32;90.39;90.39;90.39;94.21;94.21;94.21;94.21;93.01;93.01;93.01;93.01;91.91;91.91;91.91;91.91;88.24;88.24;88.24;88.24;88.24;80.8;80.8;80.8;78.44;78.44;78.44;78.44;75.77;75.77;75.77;77.48;77.48;77.48;77.48;77.48;75.91;75.91;75.91;77.27;77.27;76.38
NORTEFLU 3 (200);219.42;224.95;224.95;225.83;225.83;225.83;225.83;189.94;189.94;189.94;189.94;185.38;185.38;185.38;178.57;178.57;178.57;176.88;176.88;176.88;174.85;174.85;174.85;174.85;180.48;180.48;180.48;180.48;180.48;183.63;183.63;183.63;183.63;186.81;186.81;186.81;187.93;187.93;187.93;187.93;187.93;185.97;185.97;185.97;185.97;177.88;177.88;177.88;177.88;181.36;181.36;181.36;181.36;186.24;186.24;183.45;183.45;179.16;179.16;179.16;179.16;179.16;172.92;172.92;172.92;180.11;180.11;180.11;180.11;178.29;178.29;178.29;178.29;177.2;177.2;177.2;177.2;170.71;170.71;170.71;170.71;170.71;154.65;154.65;154.65;149.47;NA;149.47;149.47;143.86;143.86;143.86;147.95;147.95;147.95;147.95;147.95;144.31;144.31;144.31;147.7;147.7;146.48
NORTEFLU 4 (127);762.7;677.65;677.65;722.24;722.24;722.24;722.24;736.68;736.68;736.68;736.68;641.38;641.38;641.38;611.96;611.96;611.96;631.7;631.7;631.7;604.34;604.34;604.34;604.34;600.8;600.8;600.8;600.8;600.8;595.49;595.49;595.49;595.49;586.96;586.96;586.96;546.47;546.47;546.47;546.47;546.47;488.2;488.2;488.2;488.2;437.66;437.66;437.66;437.66;401.52;401.52;401.52;401.52;395.15;395.15;386.94;386.94;419.87;419.87;419.87;419.87;419.87;397.91;397.91;397.91;369.8;369.8;369.8;369.8;311.34;311.34;311.34;311.34;223.62;223.62;223.62;223.62;294.27;294.27;294.27;294.27;294.27;406.77;406.77;406.77;436.73;436.73;436.73;436.73;452.6;452.6;452.6;434.07;434.07;434.07;434.07;434.07;410;410;410;429.72;429.72;400.51
NPIRATINGA (572);2196.59;2196.59;654.42;2196.59;2196.59;2196.59;2196.59;654.42;654.42;654.42;654.42;654.42;654.42;654.42;654.42;654.42;548.04;548.04;548.04;548.04;548.04;548.04;548.04;548.04;548.04;548.04;548.04;548.04;548.04;548.04;548.04;548.04;548.04;548.04;548.04;548.04;548.04;548.04;548.04;548.04;548.04;548.04;548.04;548.04;548.04;548.04;548.04;548.04;548.04;548.04;548.04;548.04;548.04;548.04;548.04;548.04;548.04;548.04;548.04;548.04;548.04;548.04;548.04;548.04;548.04;548.04;548.04;548.04;548.04;548.04;548.04;548.04;548.04;548.04;548.04;548.04;548.04;548.04;548.04;548.04;548.04;548.04;548.04;548.04;548.04;548.04;548.04;548.04;548.04;548.04;548.04;548.04;548.04;548.04;548.04;548.04;548.04;548.04;548.04;548.04;548.04;548.04;NA
O.PINTADA (50);124.48;124.48;124.48;124.48;124.48;124.48;124.48;124.48;124.48;124.48;122.94;122.94;122.94;112.47;112.47;112.47;112.47;112.47;112.47;112.47;112.47;112.47;112.47;112.47;112.47;112.47;112.47;112.47;112.47;112.47;112.47;112.47;112.47;112.47;112.47;112.47;NA;NA;NA;NA;NA;NA;NA;NA;NA;NA;NA;NA;NA;NA;NA;NA;NA;NA;NA;NA;NA;NA;NA;NA;NA;NA;NA;NA;NA;NA;NA;NA;NA;NA;NA;NA;NA;NA;NA;NA;NA;NA;NA;NA;NA;NA;NA;NA;NA;NA;NA;NA;NA;NA;NA;NA;NA;NA;NA;NA;NA;NA;NA;NA;NA;NA;NA
P. ITAQUI (360);521.53;521.53;451.05;451.05;451.05;479.77;479.77;479.77;735.43;735.43;735.08;735.08;528.07;525.7;525.7;525.7;436.76;436.76;436.76;388.25;388.25;388.25;388.25;315.28;315.28;315.28;315.28;264.93;264.93;264.93;264.93;235.54;235.54;235.54;235.54;229.67;229.67;229.67;229.67;212.97;212.97;212.97;212.97;214.21;214.21;214.21;214.21;205.29;205.29;205.29;205.29;178.25;178.25;190.99;190.99;190.77;173.81;173.07;173.07;163.42;163.42;163.42;163.42;162.14;162.14;162.14;162.14;147.67;147.67;147.67;147.67;138.13;138.13;138.13;138.13;138.13;142.28;142.28;142.28;145.85;145.85;145.85;145.85;133.98;133.98;133.98;133.98;133.98;132.63;132.63;132.63;137.78;137.78;137.78;137.78;143.03;143.03;143.03;143.03;149.26;149.23;154.04;153.46
P.PECEM1 (720);535.88;535.88;461.06;461.06;461.06;491.54;491.54;491.54;762.96;762.96;762.81;762.81;543.04;542.02;542.02;542.02;447.6;447.6;447.6;396.09;396.09;396.09;396.09;318.63;318.63;318.63;318.63;265.17;265.17;265.17;265.17;233.97;233.97;233.97;233.97;227.74;227.74;227.74;227.74;210.01;210.01;210.01;210.01;211.32;211.32;211.32;211.32;201.85;201.85;201.85;201.85;173.15;173.15;186.67;186.67;186.58;168.58;168.26;168.26;158.02;NA;158.02;158.02;156.66;156.66;156.66;156.66;141.3;141.3;141.3;141.3;131.16;131.16;131.16;131.16;131.16;135.57;135.57;135.57;139.37;139.37;139.37;139.37;126.76;126.76;NA;NA;126.76;NA;NA;NA;130.79;NA;NA;NA;NA;136.37;136.37;136.37;142.98;142.97;148.08;NA
P.PECEM2 (365);529.51;529.51;458.68;458.68;458.68;487.53;487.53;487.53;744.48;744.48;744.07;744.07;536.02;533.18;533.18;533.18;443.79;443.79;443.79;395.03;395.03;395.03;395.03;321.7;321.7;321.7;321.7;271.1;271.1;271.1;271.1;241.56;241.56;241.56;241.56;235.66;235.66;235.66;235.66;218.88;218.88;218.88;218.88;220.12;220.12;220.12;220.12;211.15;211.15;211.15;211.15;183.98;183.98;196.78;196.78;196.52;179.48;178.6;178.6;168.9;168.9;168.9;168.9;167.62;167.62;167.62;167.62;153.07;153.07;153.07;153.07;143.48;143.48;143.48;143.48;143.48;147.65;147.65;147.65;151.25;151.25;151.25;151.25;139.31;139.31;139.31;139.31;139.31;137.95;137.95;137.95;143.13;143.13;143.13;143.13;148.41;148.41;148.41;148.41;154.67;154.64;159.47;158.77
PALMEIR_GO (176);1492.21;1491.94;1491.94;1491.93;1491.93;1491.93;1697.49;1616.26;1616.26;1616.26;1514.51;1516.42;1516.42;1481.36;1481.36;1481.36;1475.51;1475.51;763.77;763.77;763.38;763.38;763.38;763.38;762.95;762.95;762.95;762.95;762.95;762.23;762.23;762.23;762.23;762.05;762.05;762.05;761.51;761.51;761.51;761.51;761.51;761.2;761.2;761.2;761.08;761.08;761.08;761.08;761.08;761.08;761.08;761.08;761.06;761.06;761.06;889.29;889.29;924.84;924.84;924.84;924.84;924.82;924.82;924.82;924.82;924.72;924.72;924.72;924.61;924.61;924.61;924.61;924.61;924.45;924.45;924.45;924.34;924.34;924.34;924.34;924.34;924.13;924.13;924.13;924.13;923.93;923.93;923.93;923.83;923.83;923.83;923.83;923.83;923.83;923.83;923.83;923.83;923.87;923.87;923.87;960.51;960.51;1065.4
PAMPA SUL (345);77.19;77.19;77.19;77.19;77.19;77.19;77.19;77.19;77.19;77.19;76.24;76.24;76.24;69.75;69.75;69.75;69.75;69.75;69.75;69.75;69.75;69.75;69.75;69.75;69.75;69.75;69.75;69.75;69.75;69.75;69.75;69.75;69.75;69.75;69.75;69.75;69.75;69.75;69.75;69.75;69.75;69.75;69.75;69.75;69.75;69.75;69.75;69.75;69.75;69.75;69.75;69.75;69.75;69.75;69.75;69.15;69.15;67.12;67.12;67.12;NA;67.12;67.12;67.12;67.12;67.12;67.12;67.12;67.12;67.12;67.12;67.12;67.12;67.12;67.12;67.12;67.12;67.12;67.12;67.12;67.12;67.12;67.12;67.12;67.12;67.12;NA;67.12;NA;NA;67.12;NA;NA;NA;NA;NA;NA;67.12;NA;NA;NA;67.05;NA
PARNAIB_IV (56);151.69;151.69;151.69;151.69;151.69;151.69;151.69;151.69;151.69;151.69;151.69;151.69;151.69;151.69;151.69;151.69;151.69;151.69;151.69;151.69;151.69;151.69;151.69;151.69;151.69;151.69;151.69;151.69;151.69;151.69;151.69;151.69;151.69;151.69;151.69;151.69;151.69;151.69;151.69;151.69;151.69;151.69;151.69;151.69;151.69;151.69;151.69;151.69;151.69;151.69;151.69;151.69;151.69;151.69;151.69;151.69;151.69;151.69;151.69;151.69;151.69;151.69;151.69;151.69;151.69;151.69;151.69;151.69;151.69;151.69;151.69;151.69;151.69;151.69;151.69;151.69;151.69;151.69;151.69;151.69;151.69;151.69;151.69;151.69;151.69;151.69;151.69;151.69;151.69;151.69;151.69;151.69;151.69;151.69;151.69;151.69;151.69;151.69;151.69;151.69;151.69;151.69;151.69
PAU FERRO (94);2274.51;2274.39;2274.39;2274.38;2274.38;2274.38;2274.37;2274.37;2274.37;2274.37;1588.03;1588.03;1588.03;1338.78;1338.78;1137.1;1137.1;1136.93;1136.93;1136.93;1135.63;1135.63;1135.63;1135.63;1135;1135;1135;1135;1135;1134.71;1134.71;1134.71;1134.71;1134.44;1134.44;1134.44;1133.69;1133.69;1133.69;1133.69;1133.69;1133.13;1133.13;1133.13;1133.08;1133.08;1133.08;1133.08;1133.07;1133.07;1133.07;1133.07;1133.07;1133.07;1133.07;1192.17;1192.17;1379.56;1379.56;1379.56;1379.56;1379.51;1379.51;1379.51;1379.51;1379.18;1379.18;1379.18;1379.03;1379.03;1379.03;NA;NA;NA;NA;NA;1378.56;1378.56;1378.56;1378.56;1378.56;1378.53;1378.53;1378.53;1378.53;1378.18;NA;1378.18;1378.14;1378.14;NA;1378.14;1378.14;1378.14;1378.14;1378.14;NA;NA;1378.15;1378.15;1433.46;NA;NA
PECEM (15);NA;NA;NA;NA;NA;NA;NA;NA;NA;NA;NA;NA;NA;0;NA;NA;NA;0;NA;NA;NA;NA;NA;NA;NA;0;NA;0;0;0;0;0;0;881.41;881.41;881.41;881.41;881.41;881.41;881.41;881.41;881.41;881.41;881.41;881.41;881.41;881.41;881.41;1024.39;1024.39;1024.39;1024.39;1024.39;1024.39;1024.39;1024.34;1024.34;1024.21;1024.21;1024.21;1024.21;1024.18;1024.18;1024.18;1024.18;1023.94;1023.94;1023.94;1023.8;1023.8;1023.8;1023.8;1023.8;1023.66;1023.66;1023.66;1023.33;1023.33;1023.33;1023.33;1023.33;1023.29;1023.29;1023.29;1023.29;1022.99;1022.99;1022.99;1022.92;1022.92;1022.92;1022.92;1009.78;1009.78;1009.78;1009.78;1009.78;1009.78;1009.78;1009.78;1009.74;1009.74;1009.64
PERNAMBU_3(201);1060.42;1060.42;935.06;935.06;935.06;981.99;981.99;981.99;1044.43;1044.43;1044.16;1044.16;904.98;903.14;903.14;903.14;831.02;831.02;831.02;828.69;828.69;828.69;828.69;792.95;792.95;792.95;792.95;802.2;802.2;802.2;802.2;816.54;816.54;816.54;816.54;835.59;835.59;835.59;779.7;779.7;779.7;779.7;692.38;692.38;692.38;692.38;612.97;612.97;612.97;612.97;612.97;580.41;580.41;569.75;569.75;569.58;520.44;519.86;519.86;574.39;574.39;574.39;574.39;509.26;509.26;509.26;446.42;446.42;446.42;446.42;446.42;391.61;391.61;391.61;391.61;314.09;314.09;314.09;314.09;378.32;378.32;378.32;378.32;601.57;601.57;601.57;601.57;601.57;671.29;671.29;671.29;667.48;667.48;667.48;667.48;616.83;616.83;616.83;616.83;636.52;636.51;622.24;621.78
PETROLINA (136);2012.63;2012.47;2012.47;2012.45;2012.45;2012.45;2012.44;2012.44;2012.44;2012.44;1495.72;1495.72;1495.72;1123.39;1123.39;1123.39;1123.39;1123.16;1123.16;1123.16;1121.42;1121.42;1121.42;1121.42;1120.2;1120.2;1120.2;1120.2;1120.2;1120.2;1120.2;1120.2;1120.2;1119.84;1119.84;1119.84;1118.83;1118.83;1118.83;1118.83;1118.83;1118.08;1118.08;1118.08;1118.01;1118.01;1118.01;1118.01;1118.01;1118.01;1118.01;1118.01;1118;1118;1118;1142;1142;1280.95;1280.95;1280.95;1280.95;1280.89;1280.89;1280.89;1280.89;1280.44;1280.44;1280.44;1280.24;1280.24;1280.24;1280.24;1280.24;1280.16;1280.16;1280.16;1279.61;1279.61;1279.61;1279.61;1279.57;1279.57;1279.57;1279.57;1279.57;1279.11;1279.11;1279.11;1279.06;1279.06;1279.06;1279.06;1279.05;1279.05;1279.05;1279.05;1279.05;1279.07;1279.07;1279.07;1226.71;1226.71;1223.31
PIRAT.12 O (200);470.34;470.34;470.34;470.34;470.34;470.34;470.34;470.34;470.34;470.34;470.34;470.34;470.34;470.34;470.34;470.34;470.34;470.34;470.34;470.34;470.34;470.34;470.34;470.34;470.34;470.34;470.34;470.34;470.34;470.34;470.34;470.34;470.34;470.34;470.34;470.34;470.34;470.34;470.34;470.34;470.34;470.34;470.34;470.34;470.34;470.34;470.34;470.34;470.34;470.34;470.34;470.34;470.34;470.34;470.34;470.34;470.34;470.34;470.34;470.34;470.34;470.34;470.34;470.34;470.34;470.34;470.34;470.34;470.34;470.34;470.34;470.34;470.34;470.34;470.34;470.34;470.34;470.34;470.34;470.34;470.34;470.34;470.34;470.34;470.34;470.34;470.34;470.34;470.34;470.34;470.34;470.34;470.34;470.34;470.34;470.34;470.34;470.34;470.34;470.34;470.34;470.34;470.34
POTIGUAR (53);2030.4;2030.3;2030.3;2030.29;2030.29;2030.29;2030.28;2030.28;2030.28;2030.28;1418.04;1418.86;1418.86;1379.89;1379.89;1004.48;1004.48;1004.32;1004.32;1004.32;1003.14;1003.14;1003.14;1003.14;1002.57;1002.57;1002.57;1002.57;1002.57;1002.32;1002.32;1002.32;1002.32;1002.07;1002.07;1002.07;1001.39;1001.39;1001.39;1001.39;1001.39;1000.88;1000.88;1000.88;1000.84;1000.84;1000.84;1000.84;1000.83;1000.83;1000.83;1000.83;1000.83;1000.83;1000.83;1054.13;1054.13;1223.16;1223.16;1223.16;1223.16;1223.12;1223.12;1223.12;1223.12;1222.82;1222.82;1222.82;1222.68;1222.68;1222.68;1222.68;1222.68;1222.63;1222.63;1222.63;1222.26;1222.26;1222.26;1222.26;1222.26;1222.23;1222.23;1222.23;1222.23;1221.92;1221.92;1221.92;1221.88;1221.88;1221.88;1221.88;1221.88;1221.88;1221.88;1221.88;1221.88;1221.89;1221.89;1221.89;1271.76;1271.76;1363.01
POTIGUAR_3 (66);2030.38;2030.28;2030.28;2030.27;2030.27;2030.27;2030.26;2030.26;2030.26;2030.26;1418.04;1418.86;1418.86;1379.89;1379.89;1004.47;1004.47;1004.31;1004.31;1004.31;1003.13;1003.13;1003.13;1003.13;1002.56;1002.56;1002.56;1002.56;1002.56;1002.31;1002.31;1002.31;1002.31;1002.06;1002.06;1002.06;1001.38;1001.38;1001.38;1001.38;1001.38;1000.87;1000.87;1000.87;1000.83;1000.83;1000.83;1000.83;1000.82;1000.82;1000.82;1000.82;1000.82;1000.82;1000.82;1054.12;1054.12;1223.15;1223.15;1223.15;1223.15;1223.11;1223.11;1223.11;1223.11;1222.81;1222.81;1222.81;1222.67;1222.67;1222.67;1222.67;1222.67;1222.62;1222.62;1222.62;1222.25;1222.25;1222.25;1222.25;1222.25;1222.22;1222.22;1222.22;1222.22;1221.91;1221.91;1221.91;1221.87;1221.87;1221.87;1221.87;1221.87;1221.87;1221.87;1221.87;1221.87;1221.88;1221.88;1221.88;1271.74;1271.74;1363
PREDILECTA (5);175.91;175.91;175.91;175.91;175.91;175.91;175.91;175.91;175.91;175.91;158.95;158.95;158.95;158.95;158.95;158.95;158.95;158.95;158.95;158.95;158.95;158.95;158.95;158.95;158.95;158.95;158.95;158.95;158.95;158.95;158.95;158.95;158.95;NA;NA;NA;NA;NA;NA;NA;NA;NA;NA;NA;NA;NA;NA;NA;NA;NA;NA;NA;NA;NA;NA;NA;NA;NA;NA;NA;NA;NA;NA;NA;NA;NA;NA;NA;NA;NA;NA;NA;NA;NA;NA;NA;NA;NA;NA;NA;NA;NA;NA;NA;NA;NA;NA;NA;NA;NA;NA;NA;NA;NA;NA;NA;NA;NA;NA;NA;NA;NA;NA
PROSPERIDA (28);183.28;183.28;183.28;183.28;183.28;183.28;183.28;183.28;183.28;183.28;181.02;181.02;181.02;165.61;165.61;165.61;165.61;165.61;165.61;165.61;165.61;165.61;165.61;165.61;165.61;165.61;165.61;165.61;165.61;165.61;165.61;165.61;165.61;165.61;165.61;165.61;165.61;165.61;165.61;165.61;165.61;165.61;165.61;165.61;165.61;165.61;165.61;165.61;165.61;165.61;165.61;165.61;165.61;165.61;165.61;164.2;164.2;159.37;159.37;159.37;159.37;159.37;159.37;159.37;159.37;159.37;159.37;159.37;159.37;159.37;159.37;159.37;159.37;159.37;159.37;159.37;159.37;159.37;159.37;159.37;159.37;159.37;159.37;159.37;159.37;159.37;159.37;159.37;159.37;159.37;159.37;159.37;159.37;159.37;159.37;159.37;159.37;159.37;159.37;159.37;159.21;159.21;155.43
PSERGIPE I (1516);395.88;395.88;348.58;348.58;348.58;373.6;373.6;373.6;381.68;381.68;381.2;381.2;329.61;326.35;326.35;326.35;310.18;310.18;310.18;321.29;321.29;321.29;321.29;306.97;306.97;306.97;306.97;304.16;304.16;304.16;304.16;301.28;301.28;301.28;301.28;309.18;309.18;309.18;309.18;284.4;284.4;284.4;284.4;252.39;252.39;252.39;252.39;224.88;224.88;224.88;224.88;206.08;206.08;202.2;202.2;201.9;197.79;196.76;196.76;214.84;214.84;214.84;214.84;203.1;203.1;203.1;203.1;187.78;187.78;187.78;187.78;154.74;154.74;154.74;154.74;154.74;106.83;106.83;106.83;148.76;148.76;148.76;148.76;211.79;211.79;211.79;211.79;211.79;229.69;229.69;229.69;237.52;237.56;237.56;237.56;206.57;206.57;NA;NA;NA;NA;NA;NA
SANTA CRUZ (500);424.87;424.87;283.1;283.1;283.1;372.55;372.55;372.55;421.16;421.16;421.01;421.01;379.18;378.1;378.1;378.1;284.35;284.35;284.35;259.44;259.44;259.44;259.44;227.91;227.91;227.91;227.91;199.25;199.25;199.25;199.25;204.96;204.96;204.96;204.96;185.13;185.13;185.13;185.13;195.33;195.33;195.33;195.33;187.3;187.3;187.3;187.3;162.47;162.47;162.47;162.47;198.08;198.08;211.92;211.92;211.82;146.33;145.99;145.99;178.56;178.56;178.56;178.56;127.52;127.52;127.52;127.52;103.5;103.5;103.5;103.5;126.67;126.67;126.67;126.67;126.67;124.72;124.72;124.72;106.01;106.01;106.01;106.01;105.12;105.12;105.12;NA;105.12;103.74;103.74;103.74;116.57;116.57;116.57;116.57;133.15;133.15;133.15;133.15;137.31;137.3;130.09;129.82
SAO JOSE (50);NA;NA;NA;NA;NA;NA;NA;NA;NA;NA;NA;NA;NA;NA;NA;NA;NA;NA;NA;NA;NA;NA;NA;NA;NA;NA;NA;NA;NA;NA;NA;NA;NA;NA;NA;NA;NA;NA;NA;NA;NA;NA;NA;NA;NA;NA;NA;NA;NA;NA;NA;NA;NA;NA;NA;NA;NA;NA;NA;NA;NA;NA;NA;NA;NA;NA;NA;NA;NA;NA;NA;NA;NA;NA;NA;NA;NA;NA;NA;NA;NA;833.53;833.53;833.53;833.53;833.53;833.53;833.53;833.53;833.53;833.53;833.53;833.53;833.53;833.53;833.53;833.53;833.53;833.53;833.53;833.53;833.53;833.53
SAO SEPE (8);97.11;97.11;97.11;97.11;97.11;97.11;97.11;97.11;97.11;97.11;95.91;95.91;87.75;87.75;87.75;87.75;87.75;87.75;87.75;87.75;87.75;87.75;87.75;87.75;87.75;87.75;87.75;87.75;87.75;87.75;87.75;87.75;87.75;87.75;87.75;87.75;87.75;87.75;87.75;87.75;87.75;87.75;87.75;87.75;87.75;87.75;87.75;87.75;87.75;87.75;87.75;87.75;87.75;87.75;87.75;87;84.44;84.44;84.44;84.44;84.44;84.44;84.44;84.44;84.44;84.44;84.44;84.44;84.44;84.44;84.44;84.44;84.44;84.44;84.44;84.44;84.44;84.44;84.44;84.44;84.44;84.44;84.44;84.44;84.44;84.44;NA;84.44;84.44;84.44;84.44;84.44;84.44;84.44;84.44;84.44;84.44;84.44;84.44;84.44;84.35;84.35;NA
SEROPEDICA (386);463.81;463.59;463.59;412.26;412.26;412.26;412.25;412.25;412.25;412.25;412.1;412.1;412.1;411.72;411.72;411.72;411.72;411.59;411.59;411.59;410.96;410.96;410.96;410.96;410.56;410.56;410.56;410.56;410.56;409.94;409.94;409.94;409.94;409.63;409.63;409.63;408.99;408.99;408.99;408.99;408.99;408.47;408.47;408.47;408.38;408.38;408.38;408.38;343.77;343.77;343.77;343.77;343.77;343.77;343.77;343.69;343.69;343.57;343.57;343.57;343.57;343.54;343.54;343.54;343.54;343.38;343.38;343.38;343.28;343.28;343.28;343.28;343.28;343.14;343.14;343.14;342.81;342.81;342.81;342.81;342.81;342.74;342.74;342.74;342.74;342.42;342.42;342.42;342.34;342.34;342.34;342.34;354.24;354.24;354.24;354.24;354.24;354.26;354.26;354.26;354.22;354.22;NA
ST.CRUZ 34 (436);310.41;310.41;310.41;310.41;310.41;310.41;310.41;310.41;310.41;310.41;310.41;310.41;310.41;310.41;310.41;310.41;310.41;310.41;310.41;310.41;310.41;310.41;310.41;310.41;310.41;310.41;310.41;310.41;310.41;310.41;310.41;310.41;310.41;310.41;310.41;310.41;310.41;310.41;310.41;310.41;310.41;310.41;310.41;310.41;310.41;310.41;310.41;310.41;310.41;310.41;310.41;310.41;310.41;310.41;310.41;310.41;310.41;310.41;310.41;310.41;310.41;310.41;310.41;310.41;310.41;310.41;310.41;310.41;310.41;310.41;310.41;310.41;310.41;310.41;310.41;310.41;310.41;310.41;310.41;310.41;310.41;310.41;310.41;310.41;310.41;310.41;310.41;310.41;310.41;310.41;310.41;310.41;310.41;310.41;310.41;310.41;310.41;310.41;310.41;310.41;310.41;310.41;310.41
SUAPE II (381);1259.04;1259.04;1109.28;1109.28;1109.28;1165.35;1165.35;1165.35;1239.94;1239.94;1239.71;1239.71;1073.43;1071.89;1071.89;1071.89;985.73;985.73;985.73;982.95;982.95;982.95;982.95;940.25;940.25;940.25;940.25;951.3;951.3;951.3;951.3;968.43;968.43;968.43;968.43;991.19;991.19;991.19;991.19;924.42;924.42;924.42;924.42;820.1;820.1;820.1;820.1;725.23;725.23;725.23;725.23;686.33;686.33;673.59;673.59;673.45;614.74;614.26;614.26;679.41;679.41;679.41;679.41;601.6;601.6;601.6;601.6;526.52;526.52;526.52;526.52;461.04;461.04;461.04;461.04;461.04;368.42;368.42;368.42;445.17;445.17;445.17;445.17;711.89;711.89;711.89;711.89;711.89;795.17;795.17;795.17;790.62;790.62;790.62;790.62;730.11;730.11;730.11;730.11;753.64;753.62;736.56;736.18
SYKUE I (30);510.12;510.12;510.12;510.12;510.12;510.12;510.12;510.12;510.12;510.12;510.12;510.12;510.12;510.12;510.12;510.12;510.12;510.12;510.12;510.12;510.12;510.12;510.12;510.12;510.12;510.12;510.12;510.12;510.12;510.12;510.12;510.12;510.12;510.12;510.12;510.12;510.12;510.12;510.12;510.12;510.12;510.12;510.12;510.12;510.12;510.12;510.12;510.12;510.12;510.12;510.12;510.12;510.12;510.12;510.12;510.12;510.12;510.12;510.12;510.12;510.12;510.12;510.12;510.12;510.12;510.12;510.12;510.12;510.12;510.12;510.12;510.12;510.12;510.12;510.12;510.12;510.12;510.12;510.12;510.12;510.12;510.12;510.12;510.12;510.12;510.12;510.12;510.12;510.12;510.12;510.12;510.12;510.12;510.12;510.12;510.12;510.12;510.12;510.12;510.12;510.12;510.12;510.12
T.BAHIA (186);374.87;374.87;374.87;374.87;374.87;2088.4;2088.4;2088.4;2278.68;2278.68;2278.17;2278.17;1505.19;1501.66;1501.66;1501.66;1042.36;1042.36;1042.36;854.01;854.01;854.01;854.01;715.08;715.08;715.08;715.08;633.56;633.56;633.56;633.56;537.33;537.33;537.33;537.33;442.21;442.21;442.21;442.21;461.03;461.03;461.03;461.03;1055.14;1055.14;1055.14;1055.14;666.27;666.27;666.27;666.27;452.01;452.01;429.39;429.39;429.07;324.22;323.11;323.11;265.09;265.09;265.09;265.09;177.5;177.5;177.5;177.5;159.52;159.52;159.52;159.52;172.63;172.63;172.63;172.63;172.63;165.56;165.56;165.56;214.6;214.6;214.6;214.6;181.16;181.16;181.16;181.16;181.16;251.86;251.86;251.86;285.88;285.88;285.88;285.88;301.3;374.87;374.87;374.87;374.87;374.87;374.87;NA
T.CAMACARI (120);NA;NA;NA;NA;NA;NA;NA;NA;NA;NA;NA;NA;NA;NA;NA;NA;NA;NA;NA;NA;NA;NA;NA;NA;NA;NA;NA;NA;NA;NA;NA;NA;NA;NA;NA;NA;NA;NA;NA;NA;NA;345.02;345.02;345.02;345.02;345.02;345.02;345.02;345.02;345.02;345.02;345.02;345.02;345.02;345.02;345.02;345.02;345.02;345.02;345.02;345.02;345.02;345.02;345.02;345.02;345.02;345.02;345.02;345.02;345.02;345.02;345.02;345.02;345.02;345.02;345.02;345.02;345.02;345.02;345.02;345.02;345.02;345.02;345.02;345.02;345.02;NA;345.02;345.02;345.02;345.02;345.02;345.02;345.02;345.02;345.02;345.02;345.02;345.02;345.02;345.02;345.02;NA
T.LAGOAS (350);315.58;315.43;315.43;263.65;263.65;263.65;263.64;263.64;263.64;263.64;263.54;263.54;263.54;263.28;263.28;263.28;263.28;263.19;263.19;263.19;262.77;262.77;262.77;262.77;262.5;262.5;262.5;262.5;262.5;262.08;262.08;262.08;262.08;261.87;261.87;261.87;261.44;261.44;261.44;261.44;261.44;261.09;261.09;261.09;261.03;261.03;261.03;261.03;224.56;224.56;224.56;224.56;224.55;224.55;224.55;224.5;224.5;224.42;224.42;224.42;224.42;224.4;224.4;224.4;224.4;224.29;224.29;224.29;224.22;224.22;224.22;224.22;224.22;224.13;224.13;224.13;223.9;223.9;223.9;223.9;223.9;223.86;223.86;223.86;223.86;223.64;223.64;223.64;223.59;223.59;215.72;215.72;216.44;216.44;216.44;216.44;216.44;216.45;216.45;216.45;216.43;216.43;NA
T.MACAE (929);879.48;879.04;879.04;740.76;740.76;740.76;740.72;740.72;740.72;740.72;740.32;740.32;740.32;739.94;739.94;739.94;739.94;739.82;739.82;739.82;739.19;739.19;739.19;739.19;738.49;738.49;738.49;738.49;738.49;737.31;737.31;737.31;737.31;737.01;737.01;737.01;736.13;736.13;736.13;736.13;736.13;735.61;735.61;735.61;735.42;735.42;735.42;735.42;612.39;612.39;612.39;612.39;612.36;612.36;612.36;612.13;612.13;612.01;612.01;612.01;612.01;611.98;611.98;611.98;611.98;611.82;611.82;611.82;611.64;611.64;611.64;611.64;611.64;611.37;611.37;611.37;611.2;611.2;611.2;611.2;611.2;610.85;610.85;610.85;610.85;610.52;610.52;610.52;610.36;610.36;610.36;610.36;591.17;591.17;591.17;591.17;591.17;591.24;591.24;591.24;591.14;591.14;NA
TERMOCABO (50);1208.91;1208.91;1069.63;1069.63;1069.63;1121.77;1121.77;1121.77;1191.15;1191.15;1190.47;1190.47;1035.82;1031.2;1031.2;1031.2;951.07;951.07;951.07;948.48;948.48;948.48;948.48;908.76;908.76;908.76;908.76;919.04;919.04;919.04;919.04;934.98;934.98;934.98;934.98;956.14;956.14;956.14;956.14;894.05;894.05;894.05;894.05;797.02;797.02;797.02;797.02;708.79;708.79;708.79;708.79;672.61;672.61;660.76;660.76;660.34;605.74;604.29;604.29;664.88;664.88;664.88;664.88;592.51;592.51;592.51;592.51;522.68;522.68;522.68;522.68;461.78;461.78;461.78;461.78;461.78;375.65;375.65;375.65;447.02;447.02;447.02;447.02;695.08;695.08;695.08;695.08;695.08;772.54;772.54;772.54;768.31;768.31;768.31;768.31;712.04;712.04;712.04;712.04;733.91;733.86;718;716.86
TERMOCEARA(223);472.99;472.65;472.65;433.83;433.83;433.83;433.81;433.81;1784.13;1784.13;1679.18;1679.18;1679.18;1601.8;1601.8;1601.8;1601.8;1582.71;1551.12;1551.12;431.81;431.81;431.81;431.81;431.13;431.13;431.13;431.13;431.13;430;430;430;430;429.34;429.34;429.34;428.47;428.47;428.47;428.47;428.47;427.97;427.97;427.97;427.83;427.83;427.83;427.83;371.45;371.45;371.45;371.45;371.44;371.44;371.44;371.29;371.29;371.12;371.12;371.12;371.12;371.08;371.08;371.08;371.08;370.82;370.82;370.82;370.63;370.63;370.63;370.63;370.63;370.38;370.38;370.38;369.97;369.97;369.97;369.97;369.97;369.74;369.74;369.74;369.74;369.38;369.38;369.38;369.26;369.26;369.26;369.26;368.23;368.23;368.23;368.23;368.23;368.25;368.25;368.25;368.2;368.2;368.05
TERMOMANAU(143);2274.51;2274.39;2274.39;2274.38;2274.38;2274.38;2274.37;2274.37;2274.37;2274.37;1588.03;1588.03;1588.03;1338.78;1338.78;1137.1;1137.1;1136.93;1136.93;1136.93;1135.63;1135.63;1135.63;1135.63;1135;1135;1135;1135;1135;1134.71;1134.71;1134.71;1134.71;1134.44;1134.44;1134.44;1133.69;1133.69;1133.69;1133.69;1133.69;1133.13;1133.13;1133.13;1133.08;1133.08;1133.08;1133.08;1133.07;1133.07;1133.07;1133.07;1133.07;1133.07;1133.07;1192.17;1192.17;1379.56;1379.56;1379.56;1379.56;1379.51;1379.51;1379.51;1379.51;1379.18;1379.18;1379.18;1379.03;1379.03;NA;NA;NA;NA;NA;NA;NA;NA;NA;NA;NA;NA;NA;NA;NA;NA;NA;NA;NA;NA;NA;NA;NA;NA;NA;NA;NA;NA;NA;NA;NA;NA;NA
TERMONE (171);1211.29;1211.29;1073.04;1073.04;1073.04;1124.8;1124.8;1124.8;1193.65;1193.65;1192.84;1192.84;1039.35;1033.8;1033.8;1033.8;954.27;954.27;954.27;951.7;951.7;951.7;951.7;912.28;912.28;912.28;912.28;922.48;922.48;922.48;922.48;938.29;938.29;938.29;938.29;959.3;959.3;959.3;959.3;897.67;897.67;897.67;897.67;801.37;801.37;801.37;801.37;713.79;713.79;713.79;713.79;677.88;677.88;666.12;665.61;665.61;609.68;609.68;609.68;669.82;669.82;669.82;669.82;597.99;597.99;597.99;597.99;528.68;528.68;528.68;528.68;468.24;468.24;468.24;468.24;468.24;382.74;382.74;382.74;453.58;453.58;453.58;453.58;699.8;699.8;699.8;699.8;699.8;776.68;776.68;776.68;772.48;772.48;772.48;772.48;716.62;716.62;716.62;716.62;738.34;738.28;722.54;721.18
TERMOPB (171);1211.29;1211.29;1073.04;1073.04;1073.04;1124.8;1124.8;1124.8;1193.65;1193.65;1192.84;1192.84;1039.35;1033.8;1033.8;1033.8;954.27;954.27;954.27;951.7;951.7;951.7;951.7;912.28;912.28;912.28;912.28;922.48;922.48;922.48;922.48;938.29;938.29;938.29;938.29;959.3;959.3;959.3;959.3;897.67;897.67;897.67;897.67;801.37;801.37;801.37;801.37;713.79;713.79;713.79;713.79;677.88;677.88;666.12;665.61;665.61;609.68;609.68;609.68;669.82;669.82;669.82;669.82;597.99;597.99;597.99;597.99;528.68;528.68;528.68;528.68;468.24;468.24;468.24;468.24;468.24;382.74;382.74;382.74;453.58;453.58;453.58;453.58;699.8;699.8;699.8;699.8;699.8;776.68;776.68;776.68;772.48;772.48;772.48;772.48;716.62;716.62;716.62;716.62;738.34;738.28;722.54;721.18
TERMOPE (533);202.58;201.57;201.57;183.74;183.74;183.74;183.74;187.51;187.51;187.51;187.51;187.56;187.56;187.56;178.07;178.07;178.07;178.3;178.3;178.3;168.43;168.43;168.43;168.43;173.38;173.38;173.38;173.38;173.38;190.32;190.32;190.32;190.32;185.39;185.39;185.39;165.28;165.28;165.28;165.28;165.28;166.48;166.48;166.48;152.94;152.94;152.94;152.94;152.94;153.27;153.27;153.27;153.27;166.28;166.28;180.57;180.57;160.86;160.86;160.86;160.86;160.86;173.36;173.36;173.36;173.36;177.66;177.66;177.66;177.12;177.12;177.12;177.12;170.26;170.26;170.26;164.7;164.7;164.7;164.7;164.7;144.95;144.95;144.95;144.95;NA;NA;138.86;138.86;126.17;126.17;NA;138.51;138.51;138.51;138.51;138.51;126.96;NA;NA;NA;130.18;NA
TERMORIO (1036);375.66;375.45;375.45;331.67;331.67;331.67;331.66;331.66;331.66;331.66;331.43;331.43;331.43;331.05;331.05;331.05;331.05;330.93;330.93;330.93;330.06;330.06;330.06;330.06;329.49;329.49;329.49;329.49;329.49;328.83;328.83;328.83;328.83;328.43;328.43;328.43;327.82;327.82;327.82;327.82;327.82;327.45;327.45;327.45;327.36;327.36;327.36;327.36;267.93;267.93;267.93;267.93;267.93;267.93;267.93;267.82;267.82;267.7;267.7;267.7;267.7;267.67;267.67;267.67;267.67;267.47;267.47;267.47;267.33;267.33;267.33;267.33;267.33;267.18;267.18;267.18;266.86;266.86;266.86;266.86;266.86;266.73;266.73;266.73;266.73;266.51;266.51;266.51;266.42;266.42;266.42;266.42;256.97;256.97;256.97;256.97;256.97;256.99;256.99;256.99;256.94;256.94;NA
TNORTE 2 (349);910.86;910.86;910.86;910.86;910.86;910.86;910.86;910.86;910.86;910.86;910.86;910.86;910.86;910.86;910.86;910.86;910.86;910.86;910.86;910.86;910.86;910.86;910.86;910.86;910.86;910.86;910.86;910.86;910.86;910.86;910.86;910.86;910.86;910.86;910.86;910.86;910.86;910.86;910.86;910.86;910.86;910.86;910.86;910.86;910.86;910.86;910.86;910.86;910.86;910.86;910.86;910.86;910.86;910.86;910.86;910.86;910.86;910.86;910.86;910.86;910.86;910.86;910.86;910.86;910.86;910.86;910.86;910.86;910.86;910.86;910.86;910.86;910.86;910.86;910.86;910.86;910.86;910.86;910.86;910.86;910.86;910.86;910.86;910.86;910.86;910.86;910.86;910.86;910.86;910.86;910.86;910.86;910.86;910.86;910.86;910.86;910.86;910.86;910.86;910.86;910.86;910.86;910.86
URUGUAIANA (640);1951.73;1951.73;NA;NA;NA;NA;2518.44;2518.44;2518.44;2518.44;NA;NA;NA;0;NA;NA;1802.35;1589.58;1589.58;1589.58;NA;NA;NA;NA;0;0;NA;0;0;0;0;0;0;0;0;0;606.28;606.28;606.28;606.28;606.28;606.28;606.28;606.28;606.28;606.28;606.28;606.28;606.28;606.28;606.28;606.28;606.28;606.28;278.48;278.48;278.48;278.48;278.48;278.48;278.48;278.48;278.48;278.48;278.48;278.48;278.48;278.48;278.48;278.48;278.48;278.48;278.48;278.48;278.48;278.48;278.48;278.48;278.48;278.48;278.48;278.48;278.48;278.48;278.48;278.48;278.48;278.48;278.48;278.48;278.48;278.48;278.48;278.48;278.48;278.48;486.2;486.2;486.2;486.2;486.2;486.2;486.2
UTE GNA I (1338);831.99;831.99;548.31;548.31;548.31;727.29;727.29;727.29;824.56;824.56;824.47;824.47;740.77;740.14;740.14;740.14;552.56;552.56;NA;NA;NA;NA;NA;NA;NA;NA;NA;NA;NA;NA;NA;NA;NA;NA;NA;NA;NA;NA;NA;NA;NA;NA;NA;NA;NA;NA;NA;NA;NA;NA;NA;NA;NA;NA;NA;NA;NA;NA;NA;NA;NA;NA;NA;NA;NA;NA;NA;NA;NA;NA;NA;NA;NA;NA;NA;NA;NA;NA;NA;NA;NA;NA;NA;NA;NA;NA;NA;NA;NA;NA;NA;NA;NA;NA;NA;NA;NA;NA;NA;NA;NA;NA;NA
UTE MAUA 3 (591);183.93;183.93;130.12;130.12;130.12;164.07;164.07;164.07;182.53;182.53;182.19;182.19;166.31;164;164;164;128.41;128.41;128.41;118.96;118.96;118.96;118.96;106.99;106.99;106.99;96.11;96.11;96.11;96.11;96.11;98.28;98.28;98.28;98.28;90.75;90.75;90.75;90.75;94.62;94.62;91.57;91.57;91.57;82.15;82.15;82.15;82.15;82.15;82.15;82.15;95.66;95.66;68.55;100.92;100.7;68.11;68.11;68.11;68.11;68.11;68.11;68.11;68.11;68.11;67.79;67.79;58.99;58.99;58.99;58.99;67.79;67.05;67.05;67.05;67.05;67.05;67.05;67.05;59.95;NA;59.95;59.95;NA;NA;59.61;59.61;59.61;59.08;59.08;59.08;63.95;63.95;63.95;63.95;70.25;70.25;70.25;70.25;71.83;71.8;69.06;68.5
UTE STA VI (41);134.46;134.46;134.46;134.46;134.46;134.46;134.46;134.46;134.46;134.46;132.8;132.8;132.8;121.49;121.49;121.49;121.49;121.49;121.49;121.49;121.49;121.49;121.49;121.49;121.49;121.49;121.49;121.49;121.49;121.49;121.49;121.49;121.49;121.49;121.49;121.49;121.49;121.49;121.49;121.49;121.49;121.49;121.49;121.49;121.49;121.49;121.49;121.49;121.49;121.49;121.49;121.49;121.49;121.49;121.49;120.46;120.46;116.91;116.91;116.91;116.91;116.91;116.91;116.91;116.91;116.91;116.91;116.91;116.91;116.91;116.91;116.91;116.91;116.91;116.91;116.91;116.91;116.91;116.91;116.91;116.91;116.91;116.91;116.91;116.91;116.91;116.91;116.91;116.91;116.91;116.91;156.16;NA;NA;NA;NA;NA;NA;NA;NA;NA;NA;NA
VALE ACU (368);450.86;450.86;450.86;450.86;450.86;2009.81;2009.81;2009.81;2191.57;2191.57;2190.89;2190.89;1452.53;1447.91;1447.91;1447.91;1009.19;1009.19;1009.19;829.28;829.28;829.28;829.28;696.57;696.57;696.57;696.57;618.7;618.7;618.7;618.7;526.79;526.79;526.79;526.79;435.93;435.93;435.93;435.93;453.9;453.9;453.9;453.9;1021.39;1021.39;1021.39;1021.39;649.95;649.95;649.95;649.95;445.29;445.29;423.68;423.68;423.25;323.1;321.65;321.65;266.23;266.23;266.23;266.23;182.56;182.56;182.56;182.56;165.38;165.38;165.38;165.38;177.91;177.91;177.91;177.91;177.91;171.16;171.16;171.16;218;218;218;218;186.05;186.05;186.05;186.05;186.05;253.59;253.59;253.59;286.05;286.05;286.05;286.05;300.78;450.86;450.86;450.86;450.86;450.86;450.86;NA
VIANA (175);1224.06;1224.06;1082.95;1082.95;1082.95;1135.78;1135.78;1135.78;1206.06;1206.06;1205.38;1205.38;1048.71;1044.09;1044.09;1044.09;962.9;962.9;962.9;960.28;960.28;960.28;960.28;920.04;920.04;920.04;920.04;930.45;930.45;930.45;930.45;946.6;946.6;946.6;946.6;968.04;968.04;968.04;968.04;905.13;905.13;905.13;905.13;806.83;806.83;806.83;806.83;717.44;717.44;717.44;717.44;680.78;680.78;668.78;668.36;668.36;611.59;611.59;611.59;672.98;672.98;672.98;672.98;599.66;599.66;599.66;599.66;528.92;528.92;528.92;528.92;467.22;467.22;467.22;467.22;467.22;379.95;379.95;379.95;452.26;452.26;452.26;452.26;703.58;703.58;703.58;703.58;703.58;782.06;782.06;782.06;777.77;777.77;777.77;777.77;720.76;720.76;720.76;720.76;742.92;742.87;726.8;725.66
W.ARJONA (177);1922;1922;1922;1922;1922;NA;NA;NA;NA;NA;NA;NA;1975.42;1975.42;1975.42;1975.42;NA;2443.68;2443.68;2443.68;2075.36;2075.36;2075.36;1741.11;1741.11;1741.11;NA;NA;NA;NA;NA;NA;NA;NA;NA;NA;NA;NA;NA;NA;NA;NA;NA;NA;NA;NA;NA;NA;NA;NA;NA;NA;NA;NA;NA;NA;NA;NA;NA;NA;NA;NA;NA;NA;NA;NA;NA;NA;NA;NA;NA;NA;NA;NA;NA;NA;NA;NA;NA;NA;NA;NA;NA;NA;NA;NA;NA;NA;NA;NA;NA;NA;NA;NA;NA;NA;NA;NA;NA;NA;NA;NA;NA
W.ARJONA O;2462.31;2462.31;NA;NA;NA;NA;2276.74;NA;NA;2276.74;2276.74;2276.74;2276.74;2042.39;2042.39;2042.39;2042.39;2042.39;2042.39;2042.39;NA;NA;NA;NA;NA;NA;NA;NA;NA;NA;NA;NA;NA;NA;NA;NA;NA;NA;NA;NA;NA;NA;NA;NA;NA;NA;NA;NA;NA;NA;NA;NA;NA;NA;NA;NA;NA;NA;NA;NA;NA;NA;NA;NA;NA;NA;NA;NA;NA;NA;NA;NA;NA;NA;NA;NA;NA;NA;NA;NA;NA;NA;NA;NA;NA;NA;NA;NA;NA;NA;NA;NA;NA;NA;NA;NA;NA;NA;NA;NA;NA;NA;NA
XAVANTES (54);2629.96;2629.58;2629.58;1468.18;1468.18;1468.18;1468.16;1468.16;1468.16;1468.16;1467.9;1467.9;1467.9;1467.26;1467.26;1467.26;1467.26;1467.03;1467.03;1467.03;1465.79;1465.79;1465.79;1465.79;1464.89;1464.89;1464.89;1464.89;1464.89;1463.86;1463.86;1463.86;1463.86;1463.35;1463.35;1463.35;1462.46;1462.46;1462.46;1462.46;1462.46;1461.7;1461.7;1461.7;1461.57;1461.57;1461.57;1461.57;1695.49;1695.49;1695.49;1695.49;1695.49;1695.49;1695.49;1695.36;1695.36;1695.17;1695.17;1695.17;1695.17;1695.1;1695.1;1695.1;1695.1;1694.77;1694.77;1694.77;1694.55;1694.55;NA;NA;NA;NA;NA;NA;NA;NA;NA;NA;NA;NA;NA;NA;NA;NA;NA;NA;NA;NA;NA;NA;NA;NA;NA;NA;NA;NA;1671.6;NA;NA;1671.54;NA
